/rds/general/project/ukdrmultiomicsproject/live/igf/IGFQ001529_matthews_8-2-2023_10x_multiome/fastq/IGFQ001529_matthews_8-2-2023_10x_multiome_AAAY5VFHV_2023-03-01/AAAY5VFHV/2/20_NA/IGF124732/IGF124732_S1_L002_R1_001.fastq.gz,/rds/general/project/ukdrmultiomicsproject/live/igf/IGFQ001529_matthews_8-2-2023_10x_multiome/fastq/IGFQ001529_matthews_8-2-2023_10x_multiome_AAAY5VFHV_2023-03-01/AAAY5VFHV/1/20_NA/IGF124732/IGF124732_S1_L001_R1_001.fastq.gz,/rds/general/project/ukdrmultiomicsproject/live/igf/IGFQ001529_matthews_8-2-2023_10x_multiome/fastq/IGFQ001529_matthews_8-2-2023_10x_multiome_AAAY7FLHV_2023-02-28/AAAY7FLHV/2/20_NA/IGF124732/IGF124732_S1_L002_R1_001.fastq.gz,/rds/general/project/ukdrmultiomicsproject/live/igf/IGFQ001529_matthews_8-2-2023_10x_multiome/fastq/IGFQ001529_matthews_8-2-2023_10x_multiome_AAAY7FLHV_2023-02-28/AAAY7FLHV/1/20_NA/IGF124732/IGF124732_S1_L001_R1_001.fastq.gz,/rds/general/project/ukdrmultiomicsproject/live/synapse_mirror/Genetically_stratified_cohorts/TREM2/Multiomics/snRNAseq/Raw_FASTQ/BBN_21005_MTG_S3_L001_R1_001.fastq.gz
/rds/general/project/ukdrmultiomicsproject/live/igf/IGFQ001529_matthews_8-2-2023_10x_multiome/fastq/IGFQ001529_matthews_8-2-2023_10x_multiome_AAAY5VFHV_2023-03-01/AAAY5VFHV/2/20_NA/IGF124733/IGF124733_S2_L002_R1_001.fastq.gz,/rds/general/project/ukdrmultiomicsproject/live/igf/IGFQ001529_matthews_8-2-2023_10x_multiome/fastq/IGFQ001529_matthews_8-2-2023_10x_multiome_AAAY5VFHV_2023-03-01/AAAY5VFHV/1/20_NA/IGF124733/IGF124733_S2_L001_R1_001.fastq.gz,/rds/general/project/ukdrmultiomicsproject/live/igf/IGFQ001529_matthews_8-2-2023_10x_multiome/fastq/IGFQ001529_matthews_8-2-2023_10x_multiome_AAAY7FLHV_2023-02-28/AAAY7FLHV/2/20_NA/IGF124733/IGF124733_S2_L002_R1_001.fastq.gz,/rds/general/project/ukdrmultiomicsproject/live/igf/IGFQ001529_matthews_8-2-2023_10x_multiome/fastq/IGFQ001529_matthews_8-2-2023_10x_multiome_AAAY7FLHV_2023-02-28/AAAY7FLHV/1/20_NA/IGF124733/IGF124733_S2_L001_R1_001.fastq.gz,/rds/general/project/ukdrmultiomicsproject/live/synapse_mirror/Genetically_stratified_cohorts/TREM2/Multiomics/snRNAseq/Raw_FASTQ/BBN_18399_MTG_S3_L001_R1_001.fastq.gz
/rds/general/project/ukdrmultiomicsproject/live/igf/IGFQ001529_matthews_8-2-2023_10x_multiome/fastq/IGFQ001529_matthews_8-2-2023_10x_multiome_AAAY5VFHV_2023-03-01/AAAY5VFHV/2/20_NA/IGF124734/IGF124734_S3_L002_R1_001.fastq.gz,/rds/general/project/ukdrmultiomicsproject/live/igf/IGFQ001529_matthews_8-2-2023_10x_multiome/fastq/IGFQ001529_matthews_8-2-2023_10x_multiome_AAAY5VFHV_2023-03-01/AAAY5VFHV/1/20_NA/IGF124734/IGF124734_S3_L001_R1_001.fastq.gz,/rds/general/project/ukdrmultiomicsproject/live/igf/IGFQ001529_matthews_8-2-2023_10x_multiome/fastq/IGFQ001529_matthews_8-2-2023_10x_multiome_AAAY7FLHV_2023-02-28/AAAY7FLHV/2/20_NA/IGF124734/IGF124734_S3_L002_R1_001.fastq.gz,/rds/general/project/ukdrmultiomicsproject/live/igf/IGFQ001529_matthews_8-2-2023_10x_multiome/fastq/IGFQ001529_matthews_8-2-2023_10x_multiome_AAAY7FLHV_2023-02-28/AAAY7FLHV/1/20_NA/IGF124734/IGF124734_S3_L001_R1_001.fastq.gz,/rds/general/project/ukdrmultiomicsproject/live/synapse_mirror/Genetically_stratified_cohorts/TREM2/Multiomics/snRNAseq/Raw_FASTQ/BBN002_30035_MTG_S3_L001_R1_001.fastq.gz
/rds/general/project/ukdrmultiomicsproject/live/igf/IGFQ001529_matthews_8-2-2023_10x_multiome/fastq/IGFQ001529_matthews_8-2-2023_10x_multiome_AAAY5VFHV_2023-03-01/AAAY5VFHV/2/20_NA/IGF124735/IGF124735_S4_L002_R1_001.fastq.gz,/rds/general/project/ukdrmultiomicsproject/live/igf/IGFQ001529_matthews_8-2-2023_10x_multiome/fastq/IGFQ001529_matthews_8-2-2023_10x_multiome_AAAY5VFHV_2023-03-01/AAAY5VFHV/1/20_NA/IGF124735/IGF124735_S4_L001_R1_001.fastq.gz,/rds/general/project/ukdrmultiomicsproject/live/igf/IGFQ001529_matthews_8-2-2023_10x_multiome/fastq/IGFQ001529_matthews_8-2-2023_10x_multiome_AAAY7FLHV_2023-02-28/AAAY7FLHV/2/20_NA/IGF124735/IGF124735_S4_L002_R1_001.fastq.gz,/rds/general/project/ukdrmultiomicsproject/live/igf/IGFQ001529_matthews_8-2-2023_10x_multiome/fastq/IGFQ001529_matthews_8-2-2023_10x_multiome_AAAY7FLHV_2023-02-28/AAAY7FLHV/1/20_NA/IGF124735/IGF124735_S4_L001_R1_001.fastq.gz,/rds/general/project/ukdrmultiomicsproject/live/synapse_mirror/Genetically_stratified_cohorts/TREM2/Multiomics/snRNAseq/Raw_FASTQ/BBN_16213_MTG_S3_L001_R1_001.fastq.gz
/rds/general/project/ukdrmultiomicsproject/live/igf/IGFQ001529_matthews_8-2-2023_10x_multiome/fastq/IGFQ001529_matthews_8-2-2023_10x_multiome_AAAY5VFHV_2023-03-01/AAAY5VFHV/2/20_NA/IGF124736/IGF124736_S5_L002_R1_001.fastq.gz,/rds/general/project/ukdrmultiomicsproject/live/igf/IGFQ001529_matthews_8-2-2023_10x_multiome/fastq/IGFQ001529_matthews_8-2-2023_10x_multiome_AAAY5VFHV_2023-03-01/AAAY5VFHV/1/20_NA/IGF124736/IGF124736_S5_L001_R1_001.fastq.gz,/rds/general/project/ukdrmultiomicsproject/live/igf/IGFQ001529_matthews_8-2-2023_10x_multiome/fastq/IGFQ001529_matthews_8-2-2023_10x_multiome_AAAY7FLHV_2023-02-28/AAAY7FLHV/2/20_NA/IGF124736/IGF124736_S5_L002_R1_001.fastq.gz,/rds/general/project/ukdrmultiomicsproject/live/igf/IGFQ001529_matthews_8-2-2023_10x_multiome/fastq/IGFQ001529_matthews_8-2-2023_10x_multiome_AAAY7FLHV_2023-02-28/AAAY7FLHV/1/20_NA/IGF124736/IGF124736_S5_L001_R1_001.fastq.gz,/rds/general/project/ukdrmultiomicsproject/live/synapse_mirror/Genetically_stratified_cohorts/TREM2/Multiomics/snRNAseq/Raw_FASTQ/BBN002_29089_MTG_S3_L001_R1_001.fastq.gz
/rds/general/project/ukdrmultiomicsproject/live/igf/IGFQ001529_matthews_8-2-2023_10x_multiome/fastq/IGFQ001529_matthews_8-2-2023_10x_multiome_AAAY5VFHV_2023-03-01/AAAY5VFHV/2/20_NA/IGF124737/IGF124737_S6_L002_R1_001.fastq.gz,/rds/general/project/ukdrmultiomicsproject/live/igf/IGFQ001529_matthews_8-2-2023_10x_multiome/fastq/IGFQ001529_matthews_8-2-2023_10x_multiome_AAAY5VFHV_2023-03-01/AAAY5VFHV/1/20_NA/IGF124737/IGF124737_S6_L001_R1_001.fastq.gz,/rds/general/project/ukdrmultiomicsproject/live/igf/IGFQ001529_matthews_8-2-2023_10x_multiome/fastq/IGFQ001529_matthews_8-2-2023_10x_multiome_AAAY7FLHV_2023-02-28/AAAY7FLHV/2/20_NA/IGF124737/IGF124737_S6_L002_R1_001.fastq.gz,/rds/general/project/ukdrmultiomicsproject/live/igf/IGFQ001529_matthews_8-2-2023_10x_multiome/fastq/IGFQ001529_matthews_8-2-2023_10x_multiome_AAAY7FLHV_2023-02-28/AAAY7FLHV/1/20_NA/IGF124737/IGF124737_S6_L001_R1_001.fastq.gz,/rds/general/project/ukdrmultiomicsproject/live/synapse_mirror/Genetically_stratified_cohorts/TREM2/Multiomics/snRNAseq/Raw_FASTQ/BBN002_29170_MTG_S4_L001_R1_001.fastq.gz
/rds/general/project/ukdrmultiomicsproject/live/igf/IGFQ001546_matthews_14-3-2023_10x_multiome/fastq/IGFQ001546_matthews_14-3-2023_10x_multiome_BH3GTLDSX7_2023-05-02/BH3GTLDSX7/3/20_NA/IGF125028/IGF125028_S1_L003_R1_001.fastq.gz,/rds/general/project/ukdrmultiomicsproject/live/igf/IGFQ001546_matthews_14-3-2023_10x_multiome/fastq/IGFQ001546_matthews_14-3-2023_10x_multiome_BH3GTLDSX7_2023-05-02/BH3GTLDSX7/2/20_NA/IGF125028/IGF125028_S1_L002_R1_001.fastq.gz,/rds/general/project/ukdrmultiomicsproject/live/igf/IGFQ001546_matthews_14-3-2023_10x_multiome/fastq/IGFQ001546_matthews_14-3-2023_10x_multiome_BH3GTLDSX7_2023-05-02/BH3GTLDSX7/4/20_NA/IGF125028/IGF125028_S1_L004_R1_001.fastq.gz,/rds/general/project/ukdrmultiomicsproject/live/igf/IGFQ001546_matthews_14-3-2023_10x_multiome/fastq/IGFQ001546_matthews_14-3-2023_10x_multiome_BH3GTLDSX7_2023-05-02/BH3GTLDSX7/1/20_NA/IGF125028/IGF125028_S1_L001_R1_001.fastq.gz,/rds/general/project/ukdrmultiomicsproject/live/synapse_mirror/Genetically_stratified_cohorts/TREM2/Multiomics/snRNAseq/Raw_FASTQ/BBN_9980_MTG_S3_L001_R1_001.fastq.gz
/rds/general/project/ukdrmultiomicsproject/live/igf/IGFQ001546_matthews_14-3-2023_10x_multiome/fastq/IGFQ001546_matthews_14-3-2023_10x_multiome_BH3GTLDSX7_2023-05-02/BH3GTLDSX7/3/20_NA/IGF125029/IGF125029_S2_L003_R1_001.fastq.gz,/rds/general/project/ukdrmultiomicsproject/live/igf/IGFQ001546_matthews_14-3-2023_10x_multiome/fastq/IGFQ001546_matthews_14-3-2023_10x_multiome_BH3GTLDSX7_2023-05-02/BH3GTLDSX7/2/20_NA/IGF125029/IGF125029_S2_L002_R1_001.fastq.gz,/rds/general/project/ukdrmultiomicsproject/live/igf/IGFQ001546_matthews_14-3-2023_10x_multiome/fastq/IGFQ001546_matthews_14-3-2023_10x_multiome_BH3GTLDSX7_2023-05-02/BH3GTLDSX7/4/20_NA/IGF125029/IGF125029_S2_L004_R1_001.fastq.gz,/rds/general/project/ukdrmultiomicsproject/live/igf/IGFQ001546_matthews_14-3-2023_10x_multiome/fastq/IGFQ001546_matthews_14-3-2023_10x_multiome_BH3GTLDSX7_2023-05-02/BH3GTLDSX7/1/20_NA/IGF125029/IGF125029_S2_L001_R1_001.fastq.gz,/rds/general/project/ukdrmultiomicsproject/live/synapse_mirror/MAP/Multiomics/snRNAseq/Raw_FASTQ/BBN006_36107_MTG_S2_L001_R1_001.fastq.gz
/rds/general/project/ukdrmultiomicsproject/live/igf/IGFQ001546_matthews_14-3-2023_10x_multiome/fastq/IGFQ001546_matthews_14-3-2023_10x_multiome_BH3GTLDSX7_2023-05-02/BH3GTLDSX7/3/20_NA/IGF125030/IGF125030_S3_L003_R1_001.fastq.gz,/rds/general/project/ukdrmultiomicsproject/live/igf/IGFQ001546_matthews_14-3-2023_10x_multiome/fastq/IGFQ001546_matthews_14-3-2023_10x_multiome_BH3GTLDSX7_2023-05-02/BH3GTLDSX7/2/20_NA/IGF125030/IGF125030_S3_L002_R1_001.fastq.gz,/rds/general/project/ukdrmultiomicsproject/live/igf/IGFQ001546_matthews_14-3-2023_10x_multiome/fastq/IGFQ001546_matthews_14-3-2023_10x_multiome_BH3GTLDSX7_2023-05-02/BH3GTLDSX7/4/20_NA/IGF125030/IGF125030_S3_L004_R1_001.fastq.gz,/rds/general/project/ukdrmultiomicsproject/live/igf/IGFQ001546_matthews_14-3-2023_10x_multiome/fastq/IGFQ001546_matthews_14-3-2023_10x_multiome_BH3GTLDSX7_2023-05-02/BH3GTLDSX7/1/20_NA/IGF125030/IGF125030_S3_L001_R1_001.fastq.gz,/rds/general/project/ukdrmultiomicsproject/live/synapse_mirror/Genetically_stratified_cohorts/TREM2/Multiomics/snRNAseq/Raw_FASTQ/BBN_9984_MTG_S5_L001_R1_001.fastq.gz
/rds/general/project/ukdrmultiomicsproject/live/igf/IGFQ001546_matthews_14-3-2023_10x_multiome/fastq/IGFQ001546_matthews_14-3-2023_10x_multiome_BH3GTLDSX7_2023-05-02/BH3GTLDSX7/3/20_NA/IGF125031/IGF125031_S4_L003_R1_001.fastq.gz,/rds/general/project/ukdrmultiomicsproject/live/igf/IGFQ001546_matthews_14-3-2023_10x_multiome/fastq/IGFQ001546_matthews_14-3-2023_10x_multiome_BH3GTLDSX7_2023-05-02/BH3GTLDSX7/2/20_NA/IGF125031/IGF125031_S4_L002_R1_001.fastq.gz,/rds/general/project/ukdrmultiomicsproject/live/igf/IGFQ001546_matthews_14-3-2023_10x_multiome/fastq/IGFQ001546_matthews_14-3-2023_10x_multiome_BH3GTLDSX7_2023-05-02/BH3GTLDSX7/4/20_NA/IGF125031/IGF125031_S4_L004_R1_001.fastq.gz,/rds/general/project/ukdrmultiomicsproject/live/igf/IGFQ001546_matthews_14-3-2023_10x_multiome/fastq/IGFQ001546_matthews_14-3-2023_10x_multiome_BH3GTLDSX7_2023-05-02/BH3GTLDSX7/1/20_NA/IGF125031/IGF125031_S4_L001_R1_001.fastq.gz,/rds/general/project/ukdrmultiomicsproject/live/synapse_mirror/MAP/Multiomics/snRNAseq/Raw_FASTQ/BBN006_36170_MTG_S2_L001_R1_001.fastq.gz
/rds/general/project/ukdrmultiomicsproject/live/igf/IGFQ001546_matthews_14-3-2023_10x_multiome/fastq/IGFQ001546_matthews_14-3-2023_10x_multiome_BH3GTLDSX7_2023-05-02/BH3GTLDSX7/3/20_NA/IGF125032/IGF125032_S5_L003_R1_001.fastq.gz,/rds/general/project/ukdrmultiomicsproject/live/igf/IGFQ001546_matthews_14-3-2023_10x_multiome/fastq/IGFQ001546_matthews_14-3-2023_10x_multiome_BH3GTLDSX7_2023-05-02/BH3GTLDSX7/2/20_NA/IGF125032/IGF125032_S5_L002_R1_001.fastq.gz,/rds/general/project/ukdrmultiomicsproject/live/igf/IGFQ001546_matthews_14-3-2023_10x_multiome/fastq/IGFQ001546_matthews_14-3-2023_10x_multiome_BH3GTLDSX7_2023-05-02/BH3GTLDSX7/4/20_NA/IGF125032/IGF125032_S5_L004_R1_001.fastq.gz,/rds/general/project/ukdrmultiomicsproject/live/igf/IGFQ001546_matthews_14-3-2023_10x_multiome/fastq/IGFQ001546_matthews_14-3-2023_10x_multiome_BH3GTLDSX7_2023-05-02/BH3GTLDSX7/1/20_NA/IGF125032/IGF125032_S5_L001_R1_001.fastq.gz,/rds/general/project/ukdrmultiomicsproject/live/synapse_mirror/MAP/Multiomics/snRNAseq/Raw_FASTQ/BBN_2564_PFC_S2_L001_R1_001.fastq.gz
/rds/general/project/ukdrmultiomicsproject/live/igf/IGFQ001546_matthews_14-3-2023_10x_multiome/fastq/IGFQ001546_matthews_14-3-2023_10x_multiome_BH3GTLDSX7_2023-05-02/BH3GTLDSX7/3/20_NA/IGF125033/IGF125033_S6_L003_R1_001.fastq.gz,/rds/general/project/ukdrmultiomicsproject/live/igf/IGFQ001546_matthews_14-3-2023_10x_multiome/fastq/IGFQ001546_matthews_14-3-2023_10x_multiome_BH3GTLDSX7_2023-05-02/BH3GTLDSX7/2/20_NA/IGF125033/IGF125033_S6_L002_R1_001.fastq.gz,/rds/general/project/ukdrmultiomicsproject/live/igf/IGFQ001546_matthews_14-3-2023_10x_multiome/fastq/IGFQ001546_matthews_14-3-2023_10x_multiome_BH3GTLDSX7_2023-05-02/BH3GTLDSX7/4/20_NA/IGF125033/IGF125033_S6_L004_R1_001.fastq.gz,/rds/general/project/ukdrmultiomicsproject/live/igf/IGFQ001546_matthews_14-3-2023_10x_multiome/fastq/IGFQ001546_matthews_14-3-2023_10x_multiome_BH3GTLDSX7_2023-05-02/BH3GTLDSX7/1/20_NA/IGF125033/IGF125033_S6_L001_R1_001.fastq.gz,/rds/general/project/ukdrmultiomicsproject/live/synapse_mirror/MAP/Multiomics/snRNAseq/Raw_FASTQ/BBN_20121_PFC_S2_L001_R1_001.fastq.gz
/rds/general/project/ukdrmultiomicsproject/live/igf/IGFQ001546_matthews_14-3-2023_10x_multiome/fastq/IGFQ001546_matthews_14-3-2023_10x_multiome_BH3GTLDSX7_2023-05-02/BH3GTLDSX7/3/20_NA/IGF125034/IGF125034_S7_L003_R1_001.fastq.gz,/rds/general/project/ukdrmultiomicsproject/live/igf/IGFQ001546_matthews_14-3-2023_10x_multiome/fastq/IGFQ001546_matthews_14-3-2023_10x_multiome_BH3GTLDSX7_2023-05-02/BH3GTLDSX7/2/20_NA/IGF125034/IGF125034_S7_L002_R1_001.fastq.gz,/rds/general/project/ukdrmultiomicsproject/live/igf/IGFQ001546_matthews_14-3-2023_10x_multiome/fastq/IGFQ001546_matthews_14-3-2023_10x_multiome_BH3GTLDSX7_2023-05-02/BH3GTLDSX7/4/20_NA/IGF125034/IGF125034_S7_L004_R1_001.fastq.gz,/rds/general/project/ukdrmultiomicsproject/live/igf/IGFQ001546_matthews_14-3-2023_10x_multiome/fastq/IGFQ001546_matthews_14-3-2023_10x_multiome_BH3GTLDSX7_2023-05-02/BH3GTLDSX7/1/20_NA/IGF125034/IGF125034_S7_L001_R1_001.fastq.gz,/rds/general/project/ukdrmultiomicsproject/live/synapse_mirror/Genetically_stratified_cohorts/TREM2/Multiomics/snRNAseq/Raw_FASTQ/BBN_9980_PFC_S2_L001_R1_001.fastq.gz
/rds/general/project/ukdrmultiomicsproject/live/igf/IGFQ001546_matthews_14-3-2023_10x_multiome/fastq/IGFQ001546_matthews_14-3-2023_10x_multiome_BH3GTLDSX7_2023-05-02/BH3GTLDSX7/3/20_NA/IGF125035/IGF125035_S8_L003_R1_001.fastq.gz,/rds/general/project/ukdrmultiomicsproject/live/igf/IGFQ001546_matthews_14-3-2023_10x_multiome/fastq/IGFQ001546_matthews_14-3-2023_10x_multiome_BH3GTLDSX7_2023-05-02/BH3GTLDSX7/2/20_NA/IGF125035/IGF125035_S8_L002_R1_001.fastq.gz,/rds/general/project/ukdrmultiomicsproject/live/igf/IGFQ001546_matthews_14-3-2023_10x_multiome/fastq/IGFQ001546_matthews_14-3-2023_10x_multiome_BH3GTLDSX7_2023-05-02/BH3GTLDSX7/4/20_NA/IGF125035/IGF125035_S8_L004_R1_001.fastq.gz,/rds/general/project/ukdrmultiomicsproject/live/igf/IGFQ001546_matthews_14-3-2023_10x_multiome/fastq/IGFQ001546_matthews_14-3-2023_10x_multiome_BH3GTLDSX7_2023-05-02/BH3GTLDSX7/1/20_NA/IGF125035/IGF125035_S8_L001_R1_001.fastq.gz,/rds/general/project/ukdrmultiomicsproject/live/synapse_mirror/MAP/Multiomics/snRNAseq/Raw_FASTQ/BBN002_30840_MTG_S2_L001_R1_001.fastq.gz
/rds/general/project/ukdrmultiomicsproject/live/igf/IGFQ001546_matthews_14-3-2023_10x_multiome/fastq/IGFQ001546_matthews_14-3-2023_10x_multiome_BH3GTLDSX7_2023-05-02/BH3GTLDSX7/3/20_NA/IGF125036/IGF125036_S9_L003_R1_001.fastq.gz,/rds/general/project/ukdrmultiomicsproject/live/igf/IGFQ001546_matthews_14-3-2023_10x_multiome/fastq/IGFQ001546_matthews_14-3-2023_10x_multiome_BH3GTLDSX7_2023-05-02/BH3GTLDSX7/2/20_NA/IGF125036/IGF125036_S9_L002_R1_001.fastq.gz,/rds/general/project/ukdrmultiomicsproject/live/igf/IGFQ001546_matthews_14-3-2023_10x_multiome/fastq/IGFQ001546_matthews_14-3-2023_10x_multiome_BH3GTLDSX7_2023-05-02/BH3GTLDSX7/4/20_NA/IGF125036/IGF125036_S9_L004_R1_001.fastq.gz,/rds/general/project/ukdrmultiomicsproject/live/igf/IGFQ001546_matthews_14-3-2023_10x_multiome/fastq/IGFQ001546_matthews_14-3-2023_10x_multiome_BH3GTLDSX7_2023-05-02/BH3GTLDSX7/1/20_NA/IGF125036/IGF125036_S9_L001_R1_001.fastq.gz,/rds/general/project/ukdrmultiomicsproject/live/synapse_mirror/MAP/Multiomics/snRNAseq/Raw_FASTQ/BBN_18407_PFC_S2_L001_R1_001.fastq.gz
/rds/general/project/ukdrmultiomicsproject/live/igf/IGFQ001546_matthews_14-3-2023_10x_multiome/fastq/IGFQ001546_matthews_14-3-2023_10x_multiome_BH3GTLDSX7_2023-05-02/BH3GTLDSX7/3/20_NA/IGF125037/IGF125037_S10_L003_R1_001.fastq.gz,/rds/general/project/ukdrmultiomicsproject/live/igf/IGFQ001546_matthews_14-3-2023_10x_multiome/fastq/IGFQ001546_matthews_14-3-2023_10x_multiome_BH3GTLDSX7_2023-05-02/BH3GTLDSX7/2/20_NA/IGF125037/IGF125037_S10_L002_R1_001.fastq.gz,/rds/general/project/ukdrmultiomicsproject/live/igf/IGFQ001546_matthews_14-3-2023_10x_multiome/fastq/IGFQ001546_matthews_14-3-2023_10x_multiome_BH3GTLDSX7_2023-05-02/BH3GTLDSX7/4/20_NA/IGF125037/IGF125037_S10_L004_R1_001.fastq.gz,/rds/general/project/ukdrmultiomicsproject/live/igf/IGFQ001546_matthews_14-3-2023_10x_multiome/fastq/IGFQ001546_matthews_14-3-2023_10x_multiome_BH3GTLDSX7_2023-05-02/BH3GTLDSX7/1/20_NA/IGF125037/IGF125037_S10_L001_R1_001.fastq.gz,/rds/general/project/ukdrmultiomicsproject/live/synapse_mirror/MAP/Multiomics/snRNAseq/Raw_FASTQ/BBN002_35951_PFC_S3_L001_R1_001.fastq.gz
/rds/general/project/ukdrmultiomicsproject/live/igf/IGFQ001546_matthews_14-3-2023_10x_multiome/fastq/IGFQ001546_matthews_14-3-2023_10x_multiome_BH3GTLDSX7_2023-05-02/BH3GTLDSX7/3/20_NA/IGF125039/IGF125039_S12_L003_R1_001.fastq.gz,/rds/general/project/ukdrmultiomicsproject/live/igf/IGFQ001546_matthews_14-3-2023_10x_multiome/fastq/IGFQ001546_matthews_14-3-2023_10x_multiome_BH3GTLDSX7_2023-05-02/BH3GTLDSX7/2/20_NA/IGF125039/IGF125039_S12_L002_R1_001.fastq.gz,/rds/general/project/ukdrmultiomicsproject/live/igf/IGFQ001546_matthews_14-3-2023_10x_multiome/fastq/IGFQ001546_matthews_14-3-2023_10x_multiome_BH3GTLDSX7_2023-05-02/BH3GTLDSX7/4/20_NA/IGF125039/IGF125039_S12_L004_R1_001.fastq.gz,/rds/general/project/ukdrmultiomicsproject/live/igf/IGFQ001546_matthews_14-3-2023_10x_multiome/fastq/IGFQ001546_matthews_14-3-2023_10x_multiome_BH3GTLDSX7_2023-05-02/BH3GTLDSX7/1/20_NA/IGF125039/IGF125039_S12_L001_R1_001.fastq.gz,/rds/general/project/ukdrmultiomicsproject/live/synapse_mirror/MAP/Multiomics/snRNAseq/Raw_FASTQ/BBN006_35453_MTG_S3_L001_R1_001.fastq.gz
/rds/general/project/ukdrmultiomicsproject/live/igf/IGFQ001546_matthews_14-3-2023_10x_multiome/fastq/IGFQ001546_matthews_14-3-2023_10x_multiome_BH3GTLDSX7_2023-05-02/BH3GTLDSX7/3/20_NA/IGF125040/IGF125040_S13_L003_R1_001.fastq.gz,/rds/general/project/ukdrmultiomicsproject/live/igf/IGFQ001546_matthews_14-3-2023_10x_multiome/fastq/IGFQ001546_matthews_14-3-2023_10x_multiome_BH3GTLDSX7_2023-05-02/BH3GTLDSX7/2/20_NA/IGF125040/IGF125040_S13_L002_R1_001.fastq.gz,/rds/general/project/ukdrmultiomicsproject/live/igf/IGFQ001546_matthews_14-3-2023_10x_multiome/fastq/IGFQ001546_matthews_14-3-2023_10x_multiome_BH3GTLDSX7_2023-05-02/BH3GTLDSX7/4/20_NA/IGF125040/IGF125040_S13_L004_R1_001.fastq.gz,/rds/general/project/ukdrmultiomicsproject/live/igf/IGFQ001546_matthews_14-3-2023_10x_multiome/fastq/IGFQ001546_matthews_14-3-2023_10x_multiome_BH3GTLDSX7_2023-05-02/BH3GTLDSX7/1/20_NA/IGF125040/IGF125040_S13_L001_R1_001.fastq.gz,/rds/general/project/ukdrmultiomicsproject/live/synapse_mirror/MAP/Multiomics/snRNAseq/Raw_FASTQ/BBN006_36102_MTG_S2_L001_R1_001.fastq.gz
/rds/general/project/ukdrmultiomicsproject/live/igf/IGFQ001546_matthews_14-3-2023_10x_multiome/fastq/IGFQ001546_matthews_14-3-2023_10x_multiome_BH3GTLDSX7_2023-05-02/BH3GTLDSX7/3/20_NA/IGF125042/IGF125042_S15_L003_R1_001.fastq.gz,/rds/general/project/ukdrmultiomicsproject/live/igf/IGFQ001546_matthews_14-3-2023_10x_multiome/fastq/IGFQ001546_matthews_14-3-2023_10x_multiome_BH3GTLDSX7_2023-05-02/BH3GTLDSX7/2/20_NA/IGF125042/IGF125042_S15_L002_R1_001.fastq.gz,/rds/general/project/ukdrmultiomicsproject/live/igf/IGFQ001546_matthews_14-3-2023_10x_multiome/fastq/IGFQ001546_matthews_14-3-2023_10x_multiome_BH3GTLDSX7_2023-05-02/BH3GTLDSX7/4/20_NA/IGF125042/IGF125042_S15_L004_R1_001.fastq.gz,/rds/general/project/ukdrmultiomicsproject/live/igf/IGFQ001546_matthews_14-3-2023_10x_multiome/fastq/IGFQ001546_matthews_14-3-2023_10x_multiome_BH3GTLDSX7_2023-05-02/BH3GTLDSX7/1/20_NA/IGF125042/IGF125042_S15_L001_R1_001.fastq.gz,/rds/general/project/ukdrmultiomicsproject/live/synapse_mirror/MAP/Multiomics/snRNAseq/Raw_FASTQ/BBN006_30165_MTG_S3_L001_R1_001.fastq.gz
/rds/general/project/ukdrmultiomicsproject/live/igf/IGFQ001546_matthews_14-3-2023_10x_multiome/fastq/IGFQ001546_matthews_14-3-2023_10x_multiome_BH3GTLDSX7_2023-05-02/BH3GTLDSX7/3/20_NA/IGF125043/IGF125043_S16_L003_R1_001.fastq.gz,/rds/general/project/ukdrmultiomicsproject/live/igf/IGFQ001546_matthews_14-3-2023_10x_multiome/fastq/IGFQ001546_matthews_14-3-2023_10x_multiome_BH3GTLDSX7_2023-05-02/BH3GTLDSX7/2/20_NA/IGF125043/IGF125043_S16_L002_R1_001.fastq.gz,/rds/general/project/ukdrmultiomicsproject/live/igf/IGFQ001546_matthews_14-3-2023_10x_multiome/fastq/IGFQ001546_matthews_14-3-2023_10x_multiome_BH3GTLDSX7_2023-05-02/BH3GTLDSX7/4/20_NA/IGF125043/IGF125043_S16_L004_R1_001.fastq.gz,/rds/general/project/ukdrmultiomicsproject/live/igf/IGFQ001546_matthews_14-3-2023_10x_multiome/fastq/IGFQ001546_matthews_14-3-2023_10x_multiome_BH3GTLDSX7_2023-05-02/BH3GTLDSX7/1/20_NA/IGF125043/IGF125043_S16_L001_R1_001.fastq.gz,/rds/general/project/ukdrmultiomicsproject/live/synapse_mirror/MAP/Multiomics/snRNAseq/Raw_FASTQ/BBN002_32844_MTG_S2_L001_R1_001.fastq.gz
/rds/general/project/ukdrmultiomicsproject/live/igf/IGFQ001546_matthews_14-3-2023_10x_multiome/fastq/IGFQ001546_matthews_14-3-2023_10x_multiome_BH3GTLDSX7_2023-05-02/BH3GTLDSX7/3/20_NA/IGF125044/IGF125044_S17_L003_R1_001.fastq.gz,/rds/general/project/ukdrmultiomicsproject/live/igf/IGFQ001546_matthews_14-3-2023_10x_multiome/fastq/IGFQ001546_matthews_14-3-2023_10x_multiome_BH3GTLDSX7_2023-05-02/BH3GTLDSX7/2/20_NA/IGF125044/IGF125044_S17_L002_R1_001.fastq.gz,/rds/general/project/ukdrmultiomicsproject/live/igf/IGFQ001546_matthews_14-3-2023_10x_multiome/fastq/IGFQ001546_matthews_14-3-2023_10x_multiome_BH3GTLDSX7_2023-05-02/BH3GTLDSX7/4/20_NA/IGF125044/IGF125044_S17_L004_R1_001.fastq.gz,/rds/general/project/ukdrmultiomicsproject/live/igf/IGFQ001546_matthews_14-3-2023_10x_multiome/fastq/IGFQ001546_matthews_14-3-2023_10x_multiome_BH3GTLDSX7_2023-05-02/BH3GTLDSX7/1/20_NA/IGF125044/IGF125044_S17_L001_R1_001.fastq.gz,/rds/general/project/ukdrmultiomicsproject/live/synapse_mirror/MAP/Multiomics/snRNAseq/Raw_FASTQ/BBN001_35182_MTG_S3_L001_R1_001.fastq.gz
/rds/general/project/ukdrmultiomicsproject/live/igf/IGFQ001546_matthews_14-3-2023_10x_multiome/fastq/IGFQ001546_matthews_14-3-2023_10x_multiome_BH3GTLDSX7_2023-05-02/BH3GTLDSX7/3/20_NA/IGF125045/IGF125045_S18_L003_R1_001.fastq.gz,/rds/general/project/ukdrmultiomicsproject/live/igf/IGFQ001546_matthews_14-3-2023_10x_multiome/fastq/IGFQ001546_matthews_14-3-2023_10x_multiome_BH3GTLDSX7_2023-05-02/BH3GTLDSX7/2/20_NA/IGF125045/IGF125045_S18_L002_R1_001.fastq.gz,/rds/general/project/ukdrmultiomicsproject/live/igf/IGFQ001546_matthews_14-3-2023_10x_multiome/fastq/IGFQ001546_matthews_14-3-2023_10x_multiome_BH3GTLDSX7_2023-05-02/BH3GTLDSX7/4/20_NA/IGF125045/IGF125045_S18_L004_R1_001.fastq.gz,/rds/general/project/ukdrmultiomicsproject/live/igf/IGFQ001546_matthews_14-3-2023_10x_multiome/fastq/IGFQ001546_matthews_14-3-2023_10x_multiome_BH3GTLDSX7_2023-05-02/BH3GTLDSX7/1/20_NA/IGF125045/IGF125045_S18_L001_R1_001.fastq.gz,/rds/general/project/ukdrmultiomicsproject/live/synapse_mirror/MAP/Multiomics/snRNAseq/Raw_FASTQ/BBN006_35417_MTG_S2_L001_R1_001.fastq.gz
/rds/general/project/ukdrmultiomicsproject/live/igf/IGFQ001546_matthews_14-3-2023_10x_multiome/fastq/IGFQ001546_matthews_14-3-2023_10x_multiome_BH3GTLDSX7_2023-05-02/BH3GTLDSX7/3/20_NA/IGF125046/IGF125046_S19_L003_R1_001.fastq.gz,/rds/general/project/ukdrmultiomicsproject/live/igf/IGFQ001546_matthews_14-3-2023_10x_multiome/fastq/IGFQ001546_matthews_14-3-2023_10x_multiome_BH3GTLDSX7_2023-05-02/BH3GTLDSX7/2/20_NA/IGF125046/IGF125046_S19_L002_R1_001.fastq.gz,/rds/general/project/ukdrmultiomicsproject/live/igf/IGFQ001546_matthews_14-3-2023_10x_multiome/fastq/IGFQ001546_matthews_14-3-2023_10x_multiome_BH3GTLDSX7_2023-05-02/BH3GTLDSX7/4/20_NA/IGF125046/IGF125046_S19_L004_R1_001.fastq.gz,/rds/general/project/ukdrmultiomicsproject/live/igf/IGFQ001546_matthews_14-3-2023_10x_multiome/fastq/IGFQ001546_matthews_14-3-2023_10x_multiome_BH3GTLDSX7_2023-05-02/BH3GTLDSX7/1/20_NA/IGF125046/IGF125046_S19_L001_R1_001.fastq.gz,/rds/general/project/ukdrmultiomicsproject/live/synapse_mirror/MAP/Multiomics/snRNAseq/Raw_FASTQ/BBN002_26278_MTG_S3_L001_R1_001.fastq.gz
/rds/general/project/ukdrmultiomicsproject/live/igf/IGFQ001546_matthews_14-3-2023_10x_multiome/fastq/IGFQ001546_matthews_14-3-2023_10x_multiome_BH3GTLDSX7_2023-05-02/BH3GTLDSX7/3/20_NA/IGF125047/IGF125047_S20_L003_R1_001.fastq.gz,/rds/general/project/ukdrmultiomicsproject/live/igf/IGFQ001546_matthews_14-3-2023_10x_multiome/fastq/IGFQ001546_matthews_14-3-2023_10x_multiome_BH3GTLDSX7_2023-05-02/BH3GTLDSX7/2/20_NA/IGF125047/IGF125047_S20_L002_R1_001.fastq.gz,/rds/general/project/ukdrmultiomicsproject/live/igf/IGFQ001546_matthews_14-3-2023_10x_multiome/fastq/IGFQ001546_matthews_14-3-2023_10x_multiome_BH3GTLDSX7_2023-05-02/BH3GTLDSX7/4/20_NA/IGF125047/IGF125047_S20_L004_R1_001.fastq.gz,/rds/general/project/ukdrmultiomicsproject/live/igf/IGFQ001546_matthews_14-3-2023_10x_multiome/fastq/IGFQ001546_matthews_14-3-2023_10x_multiome_BH3GTLDSX7_2023-05-02/BH3GTLDSX7/1/20_NA/IGF125047/IGF125047_S20_L001_R1_001.fastq.gz,/rds/general/project/ukdrmultiomicsproject/live/synapse_mirror/MAP/Multiomics/snRNAseq/Raw_FASTQ/BBN002_36130_MTG_S3_L001_R1_001.fastq.gz
/rds/general/project/ukdrmultiomicsproject/live/igf/IGFQ001546_matthews_14-3-2023_10x_multiome/fastq/IGFQ001546_matthews_14-3-2023_10x_multiome_BH3GTLDSX7_2023-05-02/BH3GTLDSX7/3/20_NA/IGF125048/IGF125048_S21_L003_R1_001.fastq.gz,/rds/general/project/ukdrmultiomicsproject/live/igf/IGFQ001546_matthews_14-3-2023_10x_multiome/fastq/IGFQ001546_matthews_14-3-2023_10x_multiome_BH3GTLDSX7_2023-05-02/BH3GTLDSX7/2/20_NA/IGF125048/IGF125048_S21_L002_R1_001.fastq.gz,/rds/general/project/ukdrmultiomicsproject/live/igf/IGFQ001546_matthews_14-3-2023_10x_multiome/fastq/IGFQ001546_matthews_14-3-2023_10x_multiome_BH3GTLDSX7_2023-05-02/BH3GTLDSX7/4/20_NA/IGF125048/IGF125048_S21_L004_R1_001.fastq.gz,/rds/general/project/ukdrmultiomicsproject/live/igf/IGFQ001546_matthews_14-3-2023_10x_multiome/fastq/IGFQ001546_matthews_14-3-2023_10x_multiome_BH3GTLDSX7_2023-05-02/BH3GTLDSX7/1/20_NA/IGF125048/IGF125048_S21_L001_R1_001.fastq.gz,/rds/general/project/ukdrmultiomicsproject/live/synapse_mirror/MAP/Multiomics/snRNAseq/Raw_FASTQ/BBN002_28858_MTG_S2_L001_R1_001.fastq.gz
/rds/general/project/ukdrmultiomicsproject/live/igf/IGFQ001546_matthews_14-3-2023_10x_multiome/fastq/IGFQ001546_matthews_14-3-2023_10x_multiome_BH3GTLDSX7_2023-05-02/BH3GTLDSX7/3/20_NA/IGF125049/IGF125049_S22_L003_R1_001.fastq.gz,/rds/general/project/ukdrmultiomicsproject/live/igf/IGFQ001546_matthews_14-3-2023_10x_multiome/fastq/IGFQ001546_matthews_14-3-2023_10x_multiome_BH3GTLDSX7_2023-05-02/BH3GTLDSX7/2/20_NA/IGF125049/IGF125049_S22_L002_R1_001.fastq.gz,/rds/general/project/ukdrmultiomicsproject/live/igf/IGFQ001546_matthews_14-3-2023_10x_multiome/fastq/IGFQ001546_matthews_14-3-2023_10x_multiome_BH3GTLDSX7_2023-05-02/BH3GTLDSX7/4/20_NA/IGF125049/IGF125049_S22_L004_R1_001.fastq.gz,/rds/general/project/ukdrmultiomicsproject/live/igf/IGFQ001546_matthews_14-3-2023_10x_multiome/fastq/IGFQ001546_matthews_14-3-2023_10x_multiome_BH3GTLDSX7_2023-05-02/BH3GTLDSX7/1/20_NA/IGF125049/IGF125049_S22_L001_R1_001.fastq.gz,/rds/general/project/ukdrmultiomicsproject/live/synapse_mirror/MAP/Multiomics/snRNAseq/Raw_FASTQ/BBN_24243_MTG_S2_L001_R1_001.fastq.gz
/rds/general/project/ukdrmultiomicsproject/live/igf/IGFQ001546_matthews_14-3-2023_10x_multiome/fastq/IGFQ001546_matthews_14-3-2023_10x_multiome_BH3GTLDSX7_2023-05-02/BH3GTLDSX7/3/20_NA/IGF125050/IGF125050_S23_L003_R1_001.fastq.gz,/rds/general/project/ukdrmultiomicsproject/live/igf/IGFQ001546_matthews_14-3-2023_10x_multiome/fastq/IGFQ001546_matthews_14-3-2023_10x_multiome_BH3GTLDSX7_2023-05-02/BH3GTLDSX7/2/20_NA/IGF125050/IGF125050_S23_L002_R1_001.fastq.gz,/rds/general/project/ukdrmultiomicsproject/live/igf/IGFQ001546_matthews_14-3-2023_10x_multiome/fastq/IGFQ001546_matthews_14-3-2023_10x_multiome_BH3GTLDSX7_2023-05-02/BH3GTLDSX7/4/20_NA/IGF125050/IGF125050_S23_L004_R1_001.fastq.gz,/rds/general/project/ukdrmultiomicsproject/live/igf/IGFQ001546_matthews_14-3-2023_10x_multiome/fastq/IGFQ001546_matthews_14-3-2023_10x_multiome_BH3GTLDSX7_2023-05-02/BH3GTLDSX7/1/20_NA/IGF125050/IGF125050_S23_L001_R1_001.fastq.gz,/rds/general/project/ukdrmultiomicsproject/live/synapse_mirror/MAP/Multiomics/snRNAseq/Raw_FASTQ/BBN006_35560_MTG_S2_L001_R1_001.fastq.gz
/rds/general/project/ukdrmultiomicsproject/live/igf/IGFQ001546_matthews_14-3-2023_10x_multiome/fastq/IGFQ001546_matthews_14-3-2023_10x_multiome_BH3GTLDSX7_2023-05-02/BH3GTLDSX7/3/20_NA/IGF125051/IGF125051_S24_L003_R1_001.fastq.gz,/rds/general/project/ukdrmultiomicsproject/live/igf/IGFQ001546_matthews_14-3-2023_10x_multiome/fastq/IGFQ001546_matthews_14-3-2023_10x_multiome_BH3GTLDSX7_2023-05-02/BH3GTLDSX7/2/20_NA/IGF125051/IGF125051_S24_L002_R1_001.fastq.gz,/rds/general/project/ukdrmultiomicsproject/live/igf/IGFQ001546_matthews_14-3-2023_10x_multiome/fastq/IGFQ001546_matthews_14-3-2023_10x_multiome_BH3GTLDSX7_2023-05-02/BH3GTLDSX7/4/20_NA/IGF125051/IGF125051_S24_L004_R1_001.fastq.gz,/rds/general/project/ukdrmultiomicsproject/live/igf/IGFQ001546_matthews_14-3-2023_10x_multiome/fastq/IGFQ001546_matthews_14-3-2023_10x_multiome_BH3GTLDSX7_2023-05-02/BH3GTLDSX7/1/20_NA/IGF125051/IGF125051_S24_L001_R1_001.fastq.gz,/rds/general/project/ukdrmultiomicsproject/live/synapse_mirror/MAP/Multiomics/snRNAseq/Raw_FASTQ/BBN006_35513_MTG_S3_L001_R1_001.fastq.gz
/rds/general/project/ukdrmultiomicsproject/live/igf/IGFQ001546_matthews_14-3-2023_10x_multiome/fastq/IGFQ001546_matthews_14-3-2023_10x_multiome_BH3GTLDSX7_2023-05-02/BH3GTLDSX7/3/20_NA/IGF125052/IGF125052_S25_L003_R1_001.fastq.gz,/rds/general/project/ukdrmultiomicsproject/live/igf/IGFQ001546_matthews_14-3-2023_10x_multiome/fastq/IGFQ001546_matthews_14-3-2023_10x_multiome_BH3GTLDSX7_2023-05-02/BH3GTLDSX7/2/20_NA/IGF125052/IGF125052_S25_L002_R1_001.fastq.gz,/rds/general/project/ukdrmultiomicsproject/live/igf/IGFQ001546_matthews_14-3-2023_10x_multiome/fastq/IGFQ001546_matthews_14-3-2023_10x_multiome_BH3GTLDSX7_2023-05-02/BH3GTLDSX7/4/20_NA/IGF125052/IGF125052_S25_L004_R1_001.fastq.gz,/rds/general/project/ukdrmultiomicsproject/live/igf/IGFQ001546_matthews_14-3-2023_10x_multiome/fastq/IGFQ001546_matthews_14-3-2023_10x_multiome_BH3GTLDSX7_2023-05-02/BH3GTLDSX7/1/20_NA/IGF125052/IGF125052_S25_L001_R1_001.fastq.gz,/rds/general/project/ukdrmultiomicsproject/live/synapse_mirror/MAP/Multiomics/snRNAseq/Raw_FASTQ/BBN_20618_MTG_S3_L001_R1_001.fastq.gz
/rds/general/project/ukdrmultiomicsproject/live/igf/IGFQ001546_matthews_14-3-2023_10x_multiome/fastq/IGFQ001546_matthews_14-3-2023_10x_multiome_BH3GTLDSX7_2023-05-02/BH3GTLDSX7/3/20_NA/IGF125053/IGF125053_S26_L003_R1_001.fastq.gz,/rds/general/project/ukdrmultiomicsproject/live/igf/IGFQ001546_matthews_14-3-2023_10x_multiome/fastq/IGFQ001546_matthews_14-3-2023_10x_multiome_BH3GTLDSX7_2023-05-02/BH3GTLDSX7/2/20_NA/IGF125053/IGF125053_S26_L002_R1_001.fastq.gz,/rds/general/project/ukdrmultiomicsproject/live/igf/IGFQ001546_matthews_14-3-2023_10x_multiome/fastq/IGFQ001546_matthews_14-3-2023_10x_multiome_BH3GTLDSX7_2023-05-02/BH3GTLDSX7/4/20_NA/IGF125053/IGF125053_S26_L004_R1_001.fastq.gz,/rds/general/project/ukdrmultiomicsproject/live/igf/IGFQ001546_matthews_14-3-2023_10x_multiome/fastq/IGFQ001546_matthews_14-3-2023_10x_multiome_BH3GTLDSX7_2023-05-02/BH3GTLDSX7/1/20_NA/IGF125053/IGF125053_S26_L001_R1_001.fastq.gz,/rds/general/project/ukdrmultiomicsproject/live/synapse_mirror/MAP/Multiomics/snRNAseq/Raw_FASTQ/BBN002_32628_MTG_S2_L001_R1_001.fastq.gz
/rds/general/project/ukdrmultiomicsproject/live/igf/IGFQ001546_matthews_14-3-2023_10x_multiome/fastq/IGFQ001546_matthews_14-3-2023_10x_multiome_BH3GTLDSX7_2023-05-02/BH3GTLDSX7/3/20_NA/IGF125054/IGF125054_S27_L003_R1_001.fastq.gz,/rds/general/project/ukdrmultiomicsproject/live/igf/IGFQ001546_matthews_14-3-2023_10x_multiome/fastq/IGFQ001546_matthews_14-3-2023_10x_multiome_BH3GTLDSX7_2023-05-02/BH3GTLDSX7/2/20_NA/IGF125054/IGF125054_S27_L002_R1_001.fastq.gz,/rds/general/project/ukdrmultiomicsproject/live/igf/IGFQ001546_matthews_14-3-2023_10x_multiome/fastq/IGFQ001546_matthews_14-3-2023_10x_multiome_BH3GTLDSX7_2023-05-02/BH3GTLDSX7/4/20_NA/IGF125054/IGF125054_S27_L004_R1_001.fastq.gz,/rds/general/project/ukdrmultiomicsproject/live/igf/IGFQ001546_matthews_14-3-2023_10x_multiome/fastq/IGFQ001546_matthews_14-3-2023_10x_multiome_BH3GTLDSX7_2023-05-02/BH3GTLDSX7/1/20_NA/IGF125054/IGF125054_S27_L001_R1_001.fastq.gz,/rds/general/project/ukdrmultiomicsproject/live/synapse_mirror/MAP/Multiomics/snRNAseq/Raw_FASTQ/BBN006_30889_MTG_S3_L001_R1_001.fastq.gz
/rds/general/project/ukdrmultiomicsproject/live/igf/IGFQ001546_matthews_14-3-2023_10x_multiome/fastq/IGFQ001546_matthews_14-3-2023_10x_multiome_BH3GTLDSX7_2023-05-02/BH3GTLDSX7/3/20_NA/IGF125055/IGF125055_S28_L003_R1_001.fastq.gz,/rds/general/project/ukdrmultiomicsproject/live/igf/IGFQ001546_matthews_14-3-2023_10x_multiome/fastq/IGFQ001546_matthews_14-3-2023_10x_multiome_BH3GTLDSX7_2023-05-02/BH3GTLDSX7/2/20_NA/IGF125055/IGF125055_S28_L002_R1_001.fastq.gz,/rds/general/project/ukdrmultiomicsproject/live/igf/IGFQ001546_matthews_14-3-2023_10x_multiome/fastq/IGFQ001546_matthews_14-3-2023_10x_multiome_BH3GTLDSX7_2023-05-02/BH3GTLDSX7/4/20_NA/IGF125055/IGF125055_S28_L004_R1_001.fastq.gz,/rds/general/project/ukdrmultiomicsproject/live/igf/IGFQ001546_matthews_14-3-2023_10x_multiome/fastq/IGFQ001546_matthews_14-3-2023_10x_multiome_BH3GTLDSX7_2023-05-02/BH3GTLDSX7/1/20_NA/IGF125055/IGF125055_S28_L001_R1_001.fastq.gz,/rds/general/project/ukdrmultiomicsproject/live/synapse_mirror/MAP/Multiomics/snRNAseq/Raw_FASTQ/BBN006_34151_MTG_S3_L001_R1_001.fastq.gz
/rds/general/project/ukdrmultiomicsproject/live/igf/IGFQ001546_matthews_14-3-2023_10x_multiome/fastq/IGFQ001546_matthews_14-3-2023_10x_multiome_AACKFVTM5_2023-04-04/AACKFVTM5/1/8_10X/IGF125056/IGF125056_S1_L001_R1_001.fastq.gz,/rds/general/project/ukdrmultiomicsproject/live/igf/IGFQ001546_matthews_14-3-2023_10x_multiome/fastq/IGFQ001546_matthews_14-3-2023_10x_multiome_AHKLGJDMXY_2023-05-02/AHKLGJDMXY/2/8_10X/IGF125056/IGF125056_S1_L002_R1_001.fastq.gz,/rds/general/project/ukdrmultiomicsproject/live/igf/IGFQ001546_matthews_14-3-2023_10x_multiome/fastq/IGFQ001546_matthews_14-3-2023_10x_multiome_AHKLGJDMXY_2023-05-02/AHKLGJDMXY/1/8_10X/IGF125056/IGF125056_S1_L001_R1_001.fastq.gz,/rds/general/project/ukdrmultiomicsproject/live/synapse_mirror/Genetically_stratified_cohorts/TREM2/Multiomics/snATACseq/Raw_FASTQ/BBN_9980_MTG_S4_L001_R1_001.fastq.gz
/rds/general/project/ukdrmultiomicsproject/live/igf/IGFQ001546_matthews_14-3-2023_10x_multiome/fastq/IGFQ001546_matthews_14-3-2023_10x_multiome_AACKFVTM5_2023-04-04/AACKFVTM5/1/8_10X/IGF125057/IGF125057_S2_L001_R1_001.fastq.gz,/rds/general/project/ukdrmultiomicsproject/live/igf/IGFQ001546_matthews_14-3-2023_10x_multiome/fastq/IGFQ001546_matthews_14-3-2023_10x_multiome_AHKLGJDMXY_2023-05-02/AHKLGJDMXY/2/8_10X/IGF125057/IGF125057_S2_L002_R1_001.fastq.gz,/rds/general/project/ukdrmultiomicsproject/live/igf/IGFQ001546_matthews_14-3-2023_10x_multiome/fastq/IGFQ001546_matthews_14-3-2023_10x_multiome_AHKLGJDMXY_2023-05-02/AHKLGJDMXY/1/8_10X/IGF125057/IGF125057_S2_L001_R1_001.fastq.gz,/rds/general/project/ukdrmultiomicsproject/live/synapse_mirror/MAP/Multiomics/snATACseq/Raw_FASTQ/BBN006_36107_MTG_S3_L001_R1_001.fastq.gz
/rds/general/project/ukdrmultiomicsproject/live/igf/IGFQ001546_matthews_14-3-2023_10x_multiome/fastq/IGFQ001546_matthews_14-3-2023_10x_multiome_AACKFVTM5_2023-04-04/AACKFVTM5/1/8_10X/IGF125058/IGF125058_S3_L001_R1_001.fastq.gz,/rds/general/project/ukdrmultiomicsproject/live/igf/IGFQ001546_matthews_14-3-2023_10x_multiome/fastq/IGFQ001546_matthews_14-3-2023_10x_multiome_AHKLGJDMXY_2023-05-02/AHKLGJDMXY/2/8_10X/IGF125058/IGF125058_S3_L002_R1_001.fastq.gz,/rds/general/project/ukdrmultiomicsproject/live/igf/IGFQ001546_matthews_14-3-2023_10x_multiome/fastq/IGFQ001546_matthews_14-3-2023_10x_multiome_AHKLGJDMXY_2023-05-02/AHKLGJDMXY/1/8_10X/IGF125058/IGF125058_S3_L001_R1_001.fastq.gz,/rds/general/project/ukdrmultiomicsproject/live/synapse_mirror/Genetically_stratified_cohorts/TREM2/Multiomics/snATACseq/Raw_FASTQ/BBN_9984_MTG_S6_L001_R1_001.fastq.gz
/rds/general/project/ukdrmultiomicsproject/live/igf/IGFQ001546_matthews_14-3-2023_10x_multiome/fastq/IGFQ001546_matthews_14-3-2023_10x_multiome_AACKFVTM5_2023-04-04/AACKFVTM5/1/8_10X/IGF125059/IGF125059_S4_L001_R1_001.fastq.gz,/rds/general/project/ukdrmultiomicsproject/live/igf/IGFQ001546_matthews_14-3-2023_10x_multiome/fastq/IGFQ001546_matthews_14-3-2023_10x_multiome_AHKLGJDMXY_2023-05-02/AHKLGJDMXY/2/8_10X/IGF125059/IGF125059_S4_L002_R1_001.fastq.gz,/rds/general/project/ukdrmultiomicsproject/live/igf/IGFQ001546_matthews_14-3-2023_10x_multiome/fastq/IGFQ001546_matthews_14-3-2023_10x_multiome_AHKLGJDMXY_2023-05-02/AHKLGJDMXY/1/8_10X/IGF125059/IGF125059_S4_L001_R1_001.fastq.gz,/rds/general/project/ukdrmultiomicsproject/live/synapse_mirror/MAP/Multiomics/snATACseq/Raw_FASTQ/BBN006_36170_MTG_S3_L001_R1_001.fastq.gz
/rds/general/project/ukdrmultiomicsproject/live/igf/IGFQ001546_matthews_14-3-2023_10x_multiome/fastq/IGFQ001546_matthews_14-3-2023_10x_multiome_AACKFVTM5_2023-04-04/AACKFVTM5/1/8_10X/IGF125060/IGF125060_S5_L001_R1_001.fastq.gz,/rds/general/project/ukdrmultiomicsproject/live/igf/IGFQ001546_matthews_14-3-2023_10x_multiome/fastq/IGFQ001546_matthews_14-3-2023_10x_multiome_AHKLGJDMXY_2023-05-02/AHKLGJDMXY/2/8_10X/IGF125060/IGF125060_S5_L002_R1_001.fastq.gz,/rds/general/project/ukdrmultiomicsproject/live/igf/IGFQ001546_matthews_14-3-2023_10x_multiome/fastq/IGFQ001546_matthews_14-3-2023_10x_multiome_AHKLGJDMXY_2023-05-02/AHKLGJDMXY/1/8_10X/IGF125060/IGF125060_S5_L001_R1_001.fastq.gz,/rds/general/project/ukdrmultiomicsproject/live/synapse_mirror/MAP/Multiomics/snATACseq/Raw_FASTQ/BBN_2564_PFC_S3_L001_R1_001.fastq.gz
/rds/general/project/ukdrmultiomicsproject/live/igf/IGFQ001546_matthews_14-3-2023_10x_multiome/fastq/IGFQ001546_matthews_14-3-2023_10x_multiome_AACKFVTM5_2023-04-04/AACKFVTM5/1/8_10X/IGF125061/IGF125061_S6_L001_R1_001.fastq.gz,/rds/general/project/ukdrmultiomicsproject/live/igf/IGFQ001546_matthews_14-3-2023_10x_multiome/fastq/IGFQ001546_matthews_14-3-2023_10x_multiome_AHKLGJDMXY_2023-05-02/AHKLGJDMXY/2/8_10X/IGF125061/IGF125061_S6_L002_R1_001.fastq.gz,/rds/general/project/ukdrmultiomicsproject/live/igf/IGFQ001546_matthews_14-3-2023_10x_multiome/fastq/IGFQ001546_matthews_14-3-2023_10x_multiome_AHKLGJDMXY_2023-05-02/AHKLGJDMXY/1/8_10X/IGF125061/IGF125061_S6_L001_R1_001.fastq.gz,/rds/general/project/ukdrmultiomicsproject/live/synapse_mirror/MAP/Multiomics/snATACseq/Raw_FASTQ/BBN_20121_PFC_S3_L001_R1_001.fastq.gz
/rds/general/project/ukdrmultiomicsproject/live/igf/IGFQ001546_matthews_14-3-2023_10x_multiome/fastq/IGFQ001546_matthews_14-3-2023_10x_multiome_AACKFVTM5_2023-04-04/AACKFVTM5/1/8_10X/IGF125062/IGF125062_S7_L001_R1_001.fastq.gz,/rds/general/project/ukdrmultiomicsproject/live/igf/IGFQ001546_matthews_14-3-2023_10x_multiome/fastq/IGFQ001546_matthews_14-3-2023_10x_multiome_AHKLGJDMXY_2023-05-02/AHKLGJDMXY/2/8_10X/IGF125062/IGF125062_S7_L002_R1_001.fastq.gz,/rds/general/project/ukdrmultiomicsproject/live/igf/IGFQ001546_matthews_14-3-2023_10x_multiome/fastq/IGFQ001546_matthews_14-3-2023_10x_multiome_AHKLGJDMXY_2023-05-02/AHKLGJDMXY/1/8_10X/IGF125062/IGF125062_S7_L001_R1_001.fastq.gz,/rds/general/project/ukdrmultiomicsproject/live/synapse_mirror/Genetically_stratified_cohorts/TREM2/Multiomics/snATACseq/Raw_FASTQ/BBN_9980_PFC_S3_L001_R1_001.fastq.gz
/rds/general/project/ukdrmultiomicsproject/live/igf/IGFQ001546_matthews_14-3-2023_10x_multiome/fastq/IGFQ001546_matthews_14-3-2023_10x_multiome_AACKFVTM5_2023-04-04/AACKFVTM5/1/8_10X/IGF125063/IGF125063_S8_L001_R1_001.fastq.gz,/rds/general/project/ukdrmultiomicsproject/live/igf/IGFQ001546_matthews_14-3-2023_10x_multiome/fastq/IGFQ001546_matthews_14-3-2023_10x_multiome_AHKLGJDMXY_2023-05-02/AHKLGJDMXY/2/8_10X/IGF125063/IGF125063_S8_L002_R1_001.fastq.gz,/rds/general/project/ukdrmultiomicsproject/live/igf/IGFQ001546_matthews_14-3-2023_10x_multiome/fastq/IGFQ001546_matthews_14-3-2023_10x_multiome_AHKLGJDMXY_2023-05-02/AHKLGJDMXY/1/8_10X/IGF125063/IGF125063_S8_L001_R1_001.fastq.gz,/rds/general/project/ukdrmultiomicsproject/live/synapse_mirror/MAP/Multiomics/snATACseq/Raw_FASTQ/BBN002_30840_MTG_S3_L001_R1_001.fastq.gz
/rds/general/project/ukdrmultiomicsproject/live/igf/IGFQ001546_matthews_14-3-2023_10x_multiome/fastq/IGFQ001546_matthews_14-3-2023_10x_multiome_AACKFVTM5_2023-04-04/AACKFVTM5/1/8_10X/IGF125064/IGF125064_S9_L001_R1_001.fastq.gz,/rds/general/project/ukdrmultiomicsproject/live/igf/IGFQ001546_matthews_14-3-2023_10x_multiome/fastq/IGFQ001546_matthews_14-3-2023_10x_multiome_AHKLGJDMXY_2023-05-02/AHKLGJDMXY/2/8_10X/IGF125064/IGF125064_S9_L002_R1_001.fastq.gz,/rds/general/project/ukdrmultiomicsproject/live/igf/IGFQ001546_matthews_14-3-2023_10x_multiome/fastq/IGFQ001546_matthews_14-3-2023_10x_multiome_AHKLGJDMXY_2023-05-02/AHKLGJDMXY/1/8_10X/IGF125064/IGF125064_S9_L001_R1_001.fastq.gz,/rds/general/project/ukdrmultiomicsproject/live/synapse_mirror/MAP/Multiomics/snATACseq/Raw_FASTQ/BBN_18407_PFC_S3_L001_R1_001.fastq.gz
/rds/general/project/ukdrmultiomicsproject/live/igf/IGFQ001546_matthews_14-3-2023_10x_multiome/fastq/IGFQ001546_matthews_14-3-2023_10x_multiome_AACKFVTM5_2023-04-04/AACKFVTM5/1/8_10X/IGF125065/IGF125065_S10_L001_R1_001.fastq.gz,/rds/general/project/ukdrmultiomicsproject/live/igf/IGFQ001546_matthews_14-3-2023_10x_multiome/fastq/IGFQ001546_matthews_14-3-2023_10x_multiome_AHKLGJDMXY_2023-05-02/AHKLGJDMXY/2/8_10X/IGF125065/IGF125065_S10_L002_R1_001.fastq.gz,/rds/general/project/ukdrmultiomicsproject/live/igf/IGFQ001546_matthews_14-3-2023_10x_multiome/fastq/IGFQ001546_matthews_14-3-2023_10x_multiome_AHKLGJDMXY_2023-05-02/AHKLGJDMXY/1/8_10X/IGF125065/IGF125065_S10_L001_R1_001.fastq.gz,/rds/general/project/ukdrmultiomicsproject/live/synapse_mirror/MAP/Multiomics/snATACseq/Raw_FASTQ/BBN002_35951_PFC_S4_L001_R1_001.fastq.gz
/rds/general/project/ukdrmultiomicsproject/live/igf/IGFQ001546_matthews_14-3-2023_10x_multiome/fastq/IGFQ001546_matthews_14-3-2023_10x_multiome_AACKFVTM5_2023-04-04/AACKFVTM5/1/8_10X/IGF125067/IGF125067_S12_L001_R1_001.fastq.gz,/rds/general/project/ukdrmultiomicsproject/live/igf/IGFQ001546_matthews_14-3-2023_10x_multiome/fastq/IGFQ001546_matthews_14-3-2023_10x_multiome_AHKLGJDMXY_2023-05-02/AHKLGJDMXY/2/8_10X/IGF125067/IGF125067_S12_L002_R1_001.fastq.gz,/rds/general/project/ukdrmultiomicsproject/live/igf/IGFQ001546_matthews_14-3-2023_10x_multiome/fastq/IGFQ001546_matthews_14-3-2023_10x_multiome_AHKLGJDMXY_2023-05-02/AHKLGJDMXY/1/8_10X/IGF125067/IGF125067_S12_L001_R1_001.fastq.gz,/rds/general/project/ukdrmultiomicsproject/live/synapse_mirror/MAP/Multiomics/snATACseq/Raw_FASTQ/BBN006_35453_MTG_S4_L001_R1_001.fastq.gz
/rds/general/project/ukdrmultiomicsproject/live/igf/IGFQ001546_matthews_14-3-2023_10x_multiome/fastq/IGFQ001546_matthews_14-3-2023_10x_multiome_AACKFVTM5_2023-04-04/AACKFVTM5/1/8_10X/IGF125068/IGF125068_S13_L001_R1_001.fastq.gz,/rds/general/project/ukdrmultiomicsproject/live/igf/IGFQ001546_matthews_14-3-2023_10x_multiome/fastq/IGFQ001546_matthews_14-3-2023_10x_multiome_AHKLGJDMXY_2023-05-02/AHKLGJDMXY/2/8_10X/IGF125068/IGF125068_S13_L002_R1_001.fastq.gz,/rds/general/project/ukdrmultiomicsproject/live/igf/IGFQ001546_matthews_14-3-2023_10x_multiome/fastq/IGFQ001546_matthews_14-3-2023_10x_multiome_AHKLGJDMXY_2023-05-02/AHKLGJDMXY/1/8_10X/IGF125068/IGF125068_S13_L001_R1_001.fastq.gz,/rds/general/project/ukdrmultiomicsproject/live/synapse_mirror/MAP/Multiomics/snATACseq/Raw_FASTQ/BBN006_36102_MTG_S3_L001_R1_001.fastq.gz
/rds/general/project/ukdrmultiomicsproject/live/igf/IGFQ001546_matthews_14-3-2023_10x_multiome/fastq/IGFQ001546_matthews_14-3-2023_10x_multiome_AACKFVTM5_2023-04-04/AACKFVTM5/1/8_10X/IGF125070/IGF125070_S15_L001_R1_001.fastq.gz,/rds/general/project/ukdrmultiomicsproject/live/igf/IGFQ001546_matthews_14-3-2023_10x_multiome/fastq/IGFQ001546_matthews_14-3-2023_10x_multiome_AHKLGJDMXY_2023-05-02/AHKLGJDMXY/2/8_10X/IGF125070/IGF125070_S15_L002_R1_001.fastq.gz,/rds/general/project/ukdrmultiomicsproject/live/igf/IGFQ001546_matthews_14-3-2023_10x_multiome/fastq/IGFQ001546_matthews_14-3-2023_10x_multiome_AHKLGJDMXY_2023-05-02/AHKLGJDMXY/1/8_10X/IGF125070/IGF125070_S15_L001_R1_001.fastq.gz,/rds/general/project/ukdrmultiomicsproject/live/synapse_mirror/MAP/Multiomics/snATACseq/Raw_FASTQ/BBN006_30165_MTG_S4_L001_R1_001.fastq.gz
/rds/general/project/ukdrmultiomicsproject/live/igf/IGFQ001546_matthews_14-3-2023_10x_multiome/fastq/IGFQ001546_matthews_14-3-2023_10x_multiome_AACKFVTM5_2023-04-04/AACKFVTM5/1/8_10X/IGF125071/IGF125071_S16_L001_R1_001.fastq.gz,/rds/general/project/ukdrmultiomicsproject/live/igf/IGFQ001546_matthews_14-3-2023_10x_multiome/fastq/IGFQ001546_matthews_14-3-2023_10x_multiome_AHKLGJDMXY_2023-05-02/AHKLGJDMXY/2/8_10X/IGF125071/IGF125071_S16_L002_R1_001.fastq.gz,/rds/general/project/ukdrmultiomicsproject/live/igf/IGFQ001546_matthews_14-3-2023_10x_multiome/fastq/IGFQ001546_matthews_14-3-2023_10x_multiome_AHKLGJDMXY_2023-05-02/AHKLGJDMXY/1/8_10X/IGF125071/IGF125071_S16_L001_R1_001.fastq.gz,/rds/general/project/ukdrmultiomicsproject/live/synapse_mirror/MAP/Multiomics/snATACseq/Raw_FASTQ/BBN002_32844_MTG_S3_L001_R1_001.fastq.gz
/rds/general/project/ukdrmultiomicsproject/live/igf/IGFQ001546_matthews_14-3-2023_10x_multiome/fastq/IGFQ001546_matthews_14-3-2023_10x_multiome_AACKFVTM5_2023-04-04/AACKFVTM5/1/8_10X/IGF125072/IGF125072_S17_L001_R1_001.fastq.gz,/rds/general/project/ukdrmultiomicsproject/live/igf/IGFQ001546_matthews_14-3-2023_10x_multiome/fastq/IGFQ001546_matthews_14-3-2023_10x_multiome_AHKLGJDMXY_2023-05-02/AHKLGJDMXY/2/8_10X/IGF125072/IGF125072_S17_L002_R1_001.fastq.gz,/rds/general/project/ukdrmultiomicsproject/live/igf/IGFQ001546_matthews_14-3-2023_10x_multiome/fastq/IGFQ001546_matthews_14-3-2023_10x_multiome_AHKLGJDMXY_2023-05-02/AHKLGJDMXY/1/8_10X/IGF125072/IGF125072_S17_L001_R1_001.fastq.gz,/rds/general/project/ukdrmultiomicsproject/live/synapse_mirror/MAP/Multiomics/snATACseq/Raw_FASTQ/BBN001_35182_MTG_S4_L001_R1_001.fastq.gz
/rds/general/project/ukdrmultiomicsproject/live/igf/IGFQ001546_matthews_14-3-2023_10x_multiome/fastq/IGFQ001546_matthews_14-3-2023_10x_multiome_AACKFVTM5_2023-04-04/AACKFVTM5/1/8_10X/IGF125073/IGF125073_S18_L001_R1_001.fastq.gz,/rds/general/project/ukdrmultiomicsproject/live/igf/IGFQ001546_matthews_14-3-2023_10x_multiome/fastq/IGFQ001546_matthews_14-3-2023_10x_multiome_AHKLGJDMXY_2023-05-02/AHKLGJDMXY/2/8_10X/IGF125073/IGF125073_S18_L002_R1_001.fastq.gz,/rds/general/project/ukdrmultiomicsproject/live/igf/IGFQ001546_matthews_14-3-2023_10x_multiome/fastq/IGFQ001546_matthews_14-3-2023_10x_multiome_AHKLGJDMXY_2023-05-02/AHKLGJDMXY/1/8_10X/IGF125073/IGF125073_S18_L001_R1_001.fastq.gz,/rds/general/project/ukdrmultiomicsproject/live/synapse_mirror/MAP/Multiomics/snATACseq/Raw_FASTQ/BBN006_35417_MTG_S3_L001_R1_001.fastq.gz
/rds/general/project/ukdrmultiomicsproject/live/igf/IGFQ001546_matthews_14-3-2023_10x_multiome/fastq/IGFQ001546_matthews_14-3-2023_10x_multiome_AACKFVTM5_2023-04-04/AACKFVTM5/1/8_10X/IGF125074/IGF125074_S19_L001_R1_001.fastq.gz,/rds/general/project/ukdrmultiomicsproject/live/igf/IGFQ001546_matthews_14-3-2023_10x_multiome/fastq/IGFQ001546_matthews_14-3-2023_10x_multiome_AHKLGJDMXY_2023-05-02/AHKLGJDMXY/2/8_10X/IGF125074/IGF125074_S19_L002_R1_001.fastq.gz,/rds/general/project/ukdrmultiomicsproject/live/igf/IGFQ001546_matthews_14-3-2023_10x_multiome/fastq/IGFQ001546_matthews_14-3-2023_10x_multiome_AHKLGJDMXY_2023-05-02/AHKLGJDMXY/1/8_10X/IGF125074/IGF125074_S19_L001_R1_001.fastq.gz,/rds/general/project/ukdrmultiomicsproject/live/synapse_mirror/MAP/Multiomics/snATACseq/Raw_FASTQ/BBN002_26278_MTG_S4_L001_R1_001.fastq.gz
/rds/general/project/ukdrmultiomicsproject/live/igf/IGFQ001546_matthews_14-3-2023_10x_multiome/fastq/IGFQ001546_matthews_14-3-2023_10x_multiome_AACKFVTM5_2023-04-04/AACKFVTM5/1/8_10X/IGF125075/IGF125075_S20_L001_R1_001.fastq.gz,/rds/general/project/ukdrmultiomicsproject/live/igf/IGFQ001546_matthews_14-3-2023_10x_multiome/fastq/IGFQ001546_matthews_14-3-2023_10x_multiome_AHKLGJDMXY_2023-05-02/AHKLGJDMXY/2/8_10X/IGF125075/IGF125075_S20_L002_R1_001.fastq.gz,/rds/general/project/ukdrmultiomicsproject/live/igf/IGFQ001546_matthews_14-3-2023_10x_multiome/fastq/IGFQ001546_matthews_14-3-2023_10x_multiome_AHKLGJDMXY_2023-05-02/AHKLGJDMXY/1/8_10X/IGF125075/IGF125075_S20_L001_R1_001.fastq.gz,/rds/general/project/ukdrmultiomicsproject/live/synapse_mirror/MAP/Multiomics/snATACseq/Raw_FASTQ/BBN002_36130_MTG_S4_L001_R1_001.fastq.gz
/rds/general/project/ukdrmultiomicsproject/live/igf/IGFQ001546_matthews_14-3-2023_10x_multiome/fastq/IGFQ001546_matthews_14-3-2023_10x_multiome_AACKFVTM5_2023-04-04/AACKFVTM5/1/8_10X/IGF125076/IGF125076_S21_L001_R1_001.fastq.gz,/rds/general/project/ukdrmultiomicsproject/live/igf/IGFQ001546_matthews_14-3-2023_10x_multiome/fastq/IGFQ001546_matthews_14-3-2023_10x_multiome_AHKLGJDMXY_2023-05-02/AHKLGJDMXY/2/8_10X/IGF125076/IGF125076_S21_L002_R1_001.fastq.gz,/rds/general/project/ukdrmultiomicsproject/live/igf/IGFQ001546_matthews_14-3-2023_10x_multiome/fastq/IGFQ001546_matthews_14-3-2023_10x_multiome_AHKLGJDMXY_2023-05-02/AHKLGJDMXY/1/8_10X/IGF125076/IGF125076_S21_L001_R1_001.fastq.gz,/rds/general/project/ukdrmultiomicsproject/live/synapse_mirror/MAP/Multiomics/snATACseq/Raw_FASTQ/BBN002_28858_MTG_S3_L001_R1_001.fastq.gz
/rds/general/project/ukdrmultiomicsproject/live/igf/IGFQ001546_matthews_14-3-2023_10x_multiome/fastq/IGFQ001546_matthews_14-3-2023_10x_multiome_AACKFVTM5_2023-04-04/AACKFVTM5/1/8_10X/IGF125077/IGF125077_S22_L001_R1_001.fastq.gz,/rds/general/project/ukdrmultiomicsproject/live/igf/IGFQ001546_matthews_14-3-2023_10x_multiome/fastq/IGFQ001546_matthews_14-3-2023_10x_multiome_AHKLGJDMXY_2023-05-02/AHKLGJDMXY/2/8_10X/IGF125077/IGF125077_S22_L002_R1_001.fastq.gz,/rds/general/project/ukdrmultiomicsproject/live/igf/IGFQ001546_matthews_14-3-2023_10x_multiome/fastq/IGFQ001546_matthews_14-3-2023_10x_multiome_AHKLGJDMXY_2023-05-02/AHKLGJDMXY/1/8_10X/IGF125077/IGF125077_S22_L001_R1_001.fastq.gz,/rds/general/project/ukdrmultiomicsproject/live/synapse_mirror/MAP/Multiomics/snATACseq/Raw_FASTQ/BBN_24243_MTG_S3_L001_R1_001.fastq.gz
/rds/general/project/ukdrmultiomicsproject/live/igf/IGFQ001546_matthews_14-3-2023_10x_multiome/fastq/IGFQ001546_matthews_14-3-2023_10x_multiome_AACKFVTM5_2023-04-04/AACKFVTM5/1/8_10X/IGF125078/IGF125078_S23_L001_R1_001.fastq.gz,/rds/general/project/ukdrmultiomicsproject/live/igf/IGFQ001546_matthews_14-3-2023_10x_multiome/fastq/IGFQ001546_matthews_14-3-2023_10x_multiome_AHKLGJDMXY_2023-05-02/AHKLGJDMXY/2/8_10X/IGF125078/IGF125078_S23_L002_R1_001.fastq.gz,/rds/general/project/ukdrmultiomicsproject/live/igf/IGFQ001546_matthews_14-3-2023_10x_multiome/fastq/IGFQ001546_matthews_14-3-2023_10x_multiome_AHKLGJDMXY_2023-05-02/AHKLGJDMXY/1/8_10X/IGF125078/IGF125078_S23_L001_R1_001.fastq.gz,/rds/general/project/ukdrmultiomicsproject/live/synapse_mirror/MAP/Multiomics/snATACseq/Raw_FASTQ/BBN006_35560_MTG_S3_L001_R1_001.fastq.gz
/rds/general/project/ukdrmultiomicsproject/live/igf/IGFQ001546_matthews_14-3-2023_10x_multiome/fastq/IGFQ001546_matthews_14-3-2023_10x_multiome_AACKFVTM5_2023-04-04/AACKFVTM5/1/8_10X/IGF125079/IGF125079_S24_L001_R1_001.fastq.gz,/rds/general/project/ukdrmultiomicsproject/live/igf/IGFQ001546_matthews_14-3-2023_10x_multiome/fastq/IGFQ001546_matthews_14-3-2023_10x_multiome_AHKLGJDMXY_2023-05-02/AHKLGJDMXY/2/8_10X/IGF125079/IGF125079_S24_L002_R1_001.fastq.gz,/rds/general/project/ukdrmultiomicsproject/live/igf/IGFQ001546_matthews_14-3-2023_10x_multiome/fastq/IGFQ001546_matthews_14-3-2023_10x_multiome_AHKLGJDMXY_2023-05-02/AHKLGJDMXY/1/8_10X/IGF125079/IGF125079_S24_L001_R1_001.fastq.gz,/rds/general/project/ukdrmultiomicsproject/live/synapse_mirror/MAP/Multiomics/snATACseq/Raw_FASTQ/BBN006_35513_MTG_S4_L001_R1_001.fastq.gz
/rds/general/project/ukdrmultiomicsproject/live/igf/IGFQ001546_matthews_14-3-2023_10x_multiome/fastq/IGFQ001546_matthews_14-3-2023_10x_multiome_AACKFVTM5_2023-04-04/AACKFVTM5/1/8_10X/IGF125080/IGF125080_S25_L001_R1_001.fastq.gz,/rds/general/project/ukdrmultiomicsproject/live/igf/IGFQ001546_matthews_14-3-2023_10x_multiome/fastq/IGFQ001546_matthews_14-3-2023_10x_multiome_AHKLGJDMXY_2023-05-02/AHKLGJDMXY/2/8_10X/IGF125080/IGF125080_S25_L002_R1_001.fastq.gz,/rds/general/project/ukdrmultiomicsproject/live/igf/IGFQ001546_matthews_14-3-2023_10x_multiome/fastq/IGFQ001546_matthews_14-3-2023_10x_multiome_AHKLGJDMXY_2023-05-02/AHKLGJDMXY/1/8_10X/IGF125080/IGF125080_S25_L001_R1_001.fastq.gz,/rds/general/project/ukdrmultiomicsproject/live/synapse_mirror/MAP/Multiomics/snATACseq/Raw_FASTQ/BBN_20618_MTG_S4_L001_R1_001.fastq.gz
/rds/general/project/ukdrmultiomicsproject/live/igf/IGFQ001546_matthews_14-3-2023_10x_multiome/fastq/IGFQ001546_matthews_14-3-2023_10x_multiome_AACKFVTM5_2023-04-04/AACKFVTM5/1/8_10X/IGF125081/IGF125081_S26_L001_R1_001.fastq.gz,/rds/general/project/ukdrmultiomicsproject/live/igf/IGFQ001546_matthews_14-3-2023_10x_multiome/fastq/IGFQ001546_matthews_14-3-2023_10x_multiome_AHKLGJDMXY_2023-05-02/AHKLGJDMXY/2/8_10X/IGF125081/IGF125081_S26_L002_R1_001.fastq.gz,/rds/general/project/ukdrmultiomicsproject/live/igf/IGFQ001546_matthews_14-3-2023_10x_multiome/fastq/IGFQ001546_matthews_14-3-2023_10x_multiome_AHKLGJDMXY_2023-05-02/AHKLGJDMXY/1/8_10X/IGF125081/IGF125081_S26_L001_R1_001.fastq.gz,/rds/general/project/ukdrmultiomicsproject/live/synapse_mirror/MAP/Multiomics/snATACseq/Raw_FASTQ/BBN002_32628_MTG_S3_L001_R1_001.fastq.gz
/rds/general/project/ukdrmultiomicsproject/live/igf/IGFQ001546_matthews_14-3-2023_10x_multiome/fastq/IGFQ001546_matthews_14-3-2023_10x_multiome_AACKFVTM5_2023-04-04/AACKFVTM5/1/8_10X/IGF125082/IGF125082_S27_L001_R1_001.fastq.gz,/rds/general/project/ukdrmultiomicsproject/live/igf/IGFQ001546_matthews_14-3-2023_10x_multiome/fastq/IGFQ001546_matthews_14-3-2023_10x_multiome_AHKLGJDMXY_2023-05-02/AHKLGJDMXY/2/8_10X/IGF125082/IGF125082_S27_L002_R1_001.fastq.gz,/rds/general/project/ukdrmultiomicsproject/live/igf/IGFQ001546_matthews_14-3-2023_10x_multiome/fastq/IGFQ001546_matthews_14-3-2023_10x_multiome_AHKLGJDMXY_2023-05-02/AHKLGJDMXY/1/8_10X/IGF125082/IGF125082_S27_L001_R1_001.fastq.gz,/rds/general/project/ukdrmultiomicsproject/live/synapse_mirror/MAP/Multiomics/snATACseq/Raw_FASTQ/BBN006_30889_MTG_S4_L001_R1_001.fastq.gz
/rds/general/project/ukdrmultiomicsproject/live/igf/IGFQ001546_matthews_14-3-2023_10x_multiome/fastq/IGFQ001546_matthews_14-3-2023_10x_multiome_AACKFVTM5_2023-04-04/AACKFVTM5/1/8_10X/IGF125083/IGF125083_S28_L001_R1_001.fastq.gz,/rds/general/project/ukdrmultiomicsproject/live/igf/IGFQ001546_matthews_14-3-2023_10x_multiome/fastq/IGFQ001546_matthews_14-3-2023_10x_multiome_AHKLGJDMXY_2023-05-02/AHKLGJDMXY/2/8_10X/IGF125083/IGF125083_S28_L002_R1_001.fastq.gz,/rds/general/project/ukdrmultiomicsproject/live/igf/IGFQ001546_matthews_14-3-2023_10x_multiome/fastq/IGFQ001546_matthews_14-3-2023_10x_multiome_AHKLGJDMXY_2023-05-02/AHKLGJDMXY/1/8_10X/IGF125083/IGF125083_S28_L001_R1_001.fastq.gz,/rds/general/project/ukdrmultiomicsproject/live/synapse_mirror/MAP/Multiomics/snATACseq/Raw_FASTQ/BBN006_34151_MTG_S4_L001_R1_001.fastq.gz
/rds/general/project/ukdrmultiomicsproject/live/igf/IGFQ001663_matthews_29-8-2023_10x_multiome/igf/BHHFGMDSX7/3/20_NA/IGF128391/IGF128391_S1_L003_R1_001.fastq.gz,/rds/general/project/ukdrmultiomicsproject/live/igf/IGFQ001663_matthews_29-8-2023_10x_multiome/igf/BHHFGMDSX7/2/20_NA/IGF128391/IGF128391_S1_L002_R1_001.fastq.gz,/rds/general/project/ukdrmultiomicsproject/live/igf/IGFQ001663_matthews_29-8-2023_10x_multiome/igf/BHHFGMDSX7/4/20_NA/IGF128391/IGF128391_S1_L004_R1_001.fastq.gz,/rds/general/project/ukdrmultiomicsproject/live/igf/IGFQ001663_matthews_29-8-2023_10x_multiome/igf/BHHFGMDSX7/1/20_NA/IGF128391/IGF128391_S1_L001_R1_001.fastq.gz,/rds/general/project/ukdrmultiomicsproject/live/synapse_mirror/MAP/Multiomics/snRNAseq/Raw_FASTQ/BBN006_34151_PFC_S2_L001_R1_001.fastq.gz
/rds/general/project/ukdrmultiomicsproject/live/igf/IGFQ001663_matthews_29-8-2023_10x_multiome/igf/BHHFGMDSX7/3/20_NA/IGF128392/IGF128392_S2_L003_R1_001.fastq.gz,/rds/general/project/ukdrmultiomicsproject/live/igf/IGFQ001663_matthews_29-8-2023_10x_multiome/igf/BHHFGMDSX7/2/20_NA/IGF128392/IGF128392_S2_L002_R1_001.fastq.gz,/rds/general/project/ukdrmultiomicsproject/live/igf/IGFQ001663_matthews_29-8-2023_10x_multiome/igf/BHHFGMDSX7/4/20_NA/IGF128392/IGF128392_S2_L004_R1_001.fastq.gz,/rds/general/project/ukdrmultiomicsproject/live/igf/IGFQ001663_matthews_29-8-2023_10x_multiome/igf/BHHFGMDSX7/1/20_NA/IGF128392/IGF128392_S2_L001_R1_001.fastq.gz,/rds/general/project/ukdrmultiomicsproject/live/synapse_mirror/MAP/Multiomics/snRNAseq/Raw_FASTQ/BBN006_35453_PFC_S2_L001_R1_001.fastq.gz
/rds/general/project/ukdrmultiomicsproject/live/igf/IGFQ001663_matthews_29-8-2023_10x_multiome/igf/BHHFGMDSX7/3/20_NA/IGF128393/IGF128393_S3_L003_R1_001.fastq.gz,/rds/general/project/ukdrmultiomicsproject/live/igf/IGFQ001663_matthews_29-8-2023_10x_multiome/igf/BHHFGMDSX7/2/20_NA/IGF128393/IGF128393_S3_L002_R1_001.fastq.gz,/rds/general/project/ukdrmultiomicsproject/live/igf/IGFQ001663_matthews_29-8-2023_10x_multiome/igf/BHHFGMDSX7/4/20_NA/IGF128393/IGF128393_S3_L004_R1_001.fastq.gz,/rds/general/project/ukdrmultiomicsproject/live/igf/IGFQ001663_matthews_29-8-2023_10x_multiome/igf/BHHFGMDSX7/1/20_NA/IGF128393/IGF128393_S3_L001_R1_001.fastq.gz,/rds/general/project/ukdrmultiomicsproject/live/synapse_mirror/MAP/Multiomics/snRNAseq/Raw_FASTQ/BBN006_36107_PFC_S2_L001_R1_001.fastq.gz
/rds/general/project/ukdrmultiomicsproject/live/igf/IGFQ001663_matthews_29-8-2023_10x_multiome/igf/BHHFGMDSX7/3/20_NA/IGF128394/IGF128394_S4_L003_R1_001.fastq.gz,/rds/general/project/ukdrmultiomicsproject/live/igf/IGFQ001663_matthews_29-8-2023_10x_multiome/igf/BHHFGMDSX7/2/20_NA/IGF128394/IGF128394_S4_L002_R1_001.fastq.gz,/rds/general/project/ukdrmultiomicsproject/live/igf/IGFQ001663_matthews_29-8-2023_10x_multiome/igf/BHHFGMDSX7/4/20_NA/IGF128394/IGF128394_S4_L004_R1_001.fastq.gz,/rds/general/project/ukdrmultiomicsproject/live/igf/IGFQ001663_matthews_29-8-2023_10x_multiome/igf/BHHFGMDSX7/1/20_NA/IGF128394/IGF128394_S4_L001_R1_001.fastq.gz,/rds/general/project/ukdrmultiomicsproject/live/synapse_mirror/MAP/Multiomics/snRNAseq/Raw_FASTQ/BBN_20618_PFC_S3_L001_R1_001.fastq.gz
/rds/general/project/ukdrmultiomicsproject/live/igf/IGFQ001663_matthews_29-8-2023_10x_multiome/igf/BHHFGMDSX7/3/20_NA/IGF128395/IGF128395_S5_L003_R1_001.fastq.gz,/rds/general/project/ukdrmultiomicsproject/live/igf/IGFQ001663_matthews_29-8-2023_10x_multiome/igf/BHHFGMDSX7/2/20_NA/IGF128395/IGF128395_S5_L002_R1_001.fastq.gz,/rds/general/project/ukdrmultiomicsproject/live/igf/IGFQ001663_matthews_29-8-2023_10x_multiome/igf/BHHFGMDSX7/4/20_NA/IGF128395/IGF128395_S5_L004_R1_001.fastq.gz,/rds/general/project/ukdrmultiomicsproject/live/igf/IGFQ001663_matthews_29-8-2023_10x_multiome/igf/BHHFGMDSX7/1/20_NA/IGF128395/IGF128395_S5_L001_R1_001.fastq.gz,/rds/general/project/ukdrmultiomicsproject/live/synapse_mirror/MAP/Multiomics/snRNAseq/Raw_FASTQ/BBN002_32844_PFC_S2_L001_R1_001.fastq.gz
/rds/general/project/ukdrmultiomicsproject/live/igf/IGFQ001663_matthews_29-8-2023_10x_multiome/igf/BHHFGMDSX7/3/20_NA/IGF128396/IGF128396_S6_L003_R1_001.fastq.gz,/rds/general/project/ukdrmultiomicsproject/live/igf/IGFQ001663_matthews_29-8-2023_10x_multiome/igf/BHHFGMDSX7/2/20_NA/IGF128396/IGF128396_S6_L002_R1_001.fastq.gz,/rds/general/project/ukdrmultiomicsproject/live/igf/IGFQ001663_matthews_29-8-2023_10x_multiome/igf/BHHFGMDSX7/4/20_NA/IGF128396/IGF128396_S6_L004_R1_001.fastq.gz,/rds/general/project/ukdrmultiomicsproject/live/igf/IGFQ001663_matthews_29-8-2023_10x_multiome/igf/BHHFGMDSX7/1/20_NA/IGF128396/IGF128396_S6_L001_R1_001.fastq.gz,/rds/general/project/ukdrmultiomicsproject/live/synapse_mirror/MAP/Multiomics/snRNAseq/Raw_FASTQ/BBN006_35513_PFC_S2_L001_R1_001.fastq.gz
/rds/general/project/ukdrmultiomicsproject/live/igf/IGFQ001663_matthews_29-8-2023_10x_multiome/igf/BHHFGMDSX7/3/20_NA/IGF128397/IGF128397_S7_L003_R1_001.fastq.gz,/rds/general/project/ukdrmultiomicsproject/live/igf/IGFQ001663_matthews_29-8-2023_10x_multiome/igf/BHHFGMDSX7/2/20_NA/IGF128397/IGF128397_S7_L002_R1_001.fastq.gz,/rds/general/project/ukdrmultiomicsproject/live/igf/IGFQ001663_matthews_29-8-2023_10x_multiome/igf/BHHFGMDSX7/4/20_NA/IGF128397/IGF128397_S7_L004_R1_001.fastq.gz,/rds/general/project/ukdrmultiomicsproject/live/igf/IGFQ001663_matthews_29-8-2023_10x_multiome/igf/BHHFGMDSX7/1/20_NA/IGF128397/IGF128397_S7_L001_R1_001.fastq.gz,/rds/general/project/ukdrmultiomicsproject/live/synapse_mirror/MAP/Multiomics/snRNAseq/Raw_FASTQ/BBN002_35951_PFC_S5_L001_R1_001.fastq.gz
/rds/general/project/ukdrmultiomicsproject/live/igf/IGFQ001663_matthews_29-8-2023_10x_multiome/igf/BHHFGMDSX7/3/20_NA/IGF128398/IGF128398_S8_L003_R1_001.fastq.gz,/rds/general/project/ukdrmultiomicsproject/live/igf/IGFQ001663_matthews_29-8-2023_10x_multiome/igf/BHHFGMDSX7/2/20_NA/IGF128398/IGF128398_S8_L002_R1_001.fastq.gz,/rds/general/project/ukdrmultiomicsproject/live/igf/IGFQ001663_matthews_29-8-2023_10x_multiome/igf/BHHFGMDSX7/4/20_NA/IGF128398/IGF128398_S8_L004_R1_001.fastq.gz,/rds/general/project/ukdrmultiomicsproject/live/igf/IGFQ001663_matthews_29-8-2023_10x_multiome/igf/BHHFGMDSX7/1/20_NA/IGF128398/IGF128398_S8_L001_R1_001.fastq.gz,/rds/general/project/ukdrmultiomicsproject/live/synapse_mirror/MAP/Multiomics/snRNAseq/Raw_FASTQ/BBN006_35417_EC_S1_L001_R1_001.fastq.gz
/rds/general/project/ukdrmultiomicsproject/live/igf/IGFQ001663_matthews_29-8-2023_10x_multiome/igf/BHHFGMDSX7/3/20_NA/IGF128399/IGF128399_S9_L003_R1_001.fastq.gz,/rds/general/project/ukdrmultiomicsproject/live/igf/IGFQ001663_matthews_29-8-2023_10x_multiome/igf/BHHFGMDSX7/2/20_NA/IGF128399/IGF128399_S9_L002_R1_001.fastq.gz,/rds/general/project/ukdrmultiomicsproject/live/igf/IGFQ001663_matthews_29-8-2023_10x_multiome/igf/BHHFGMDSX7/4/20_NA/IGF128399/IGF128399_S9_L004_R1_001.fastq.gz,/rds/general/project/ukdrmultiomicsproject/live/igf/IGFQ001663_matthews_29-8-2023_10x_multiome/igf/BHHFGMDSX7/1/20_NA/IGF128399/IGF128399_S9_L001_R1_001.fastq.gz,/rds/general/project/ukdrmultiomicsproject/live/synapse_mirror/MAP/Multiomics/snRNAseq/Raw_FASTQ/BBN002_28858_PFC_S2_L001_R1_001.fastq.gz
/rds/general/project/ukdrmultiomicsproject/live/igf/IGFQ001663_matthews_29-8-2023_10x_multiome/igf/BHHFGMDSX7/3/20_NA/IGF128400/IGF128400_S10_L003_R1_001.fastq.gz,/rds/general/project/ukdrmultiomicsproject/live/igf/IGFQ001663_matthews_29-8-2023_10x_multiome/igf/BHHFGMDSX7/2/20_NA/IGF128400/IGF128400_S10_L002_R1_001.fastq.gz,/rds/general/project/ukdrmultiomicsproject/live/igf/IGFQ001663_matthews_29-8-2023_10x_multiome/igf/BHHFGMDSX7/4/20_NA/IGF128400/IGF128400_S10_L004_R1_001.fastq.gz,/rds/general/project/ukdrmultiomicsproject/live/igf/IGFQ001663_matthews_29-8-2023_10x_multiome/igf/BHHFGMDSX7/1/20_NA/IGF128400/IGF128400_S10_L001_R1_001.fastq.gz,/rds/general/project/ukdrmultiomicsproject/live/synapse_mirror/Genetically_stratified_cohorts/TREM2/Multiomics/snRNAseq/Raw_FASTQ/BBN_9984_PFC_S2_L001_R1_001.fastq.gz
/rds/general/project/ukdrmultiomicsproject/live/igf/IGFQ001663_matthews_29-8-2023_10x_multiome/igf/BHHFGMDSX7/3/20_NA/IGF128401/IGF128401_S11_L003_R1_001.fastq.gz,/rds/general/project/ukdrmultiomicsproject/live/igf/IGFQ001663_matthews_29-8-2023_10x_multiome/igf/BHHFGMDSX7/2/20_NA/IGF128401/IGF128401_S11_L002_R1_001.fastq.gz,/rds/general/project/ukdrmultiomicsproject/live/igf/IGFQ001663_matthews_29-8-2023_10x_multiome/igf/BHHFGMDSX7/4/20_NA/IGF128401/IGF128401_S11_L004_R1_001.fastq.gz,/rds/general/project/ukdrmultiomicsproject/live/igf/IGFQ001663_matthews_29-8-2023_10x_multiome/igf/BHHFGMDSX7/1/20_NA/IGF128401/IGF128401_S11_L001_R1_001.fastq.gz,/rds/general/project/ukdrmultiomicsproject/live/synapse_mirror/MAP/Multiomics/snRNAseq/Raw_FASTQ/BBN002_36130_PFC_S3_L001_R1_001.fastq.gz
/rds/general/project/ukdrmultiomicsproject/live/igf/IGFQ001663_matthews_29-8-2023_10x_multiome/igf/BHHFGMDSX7/3/20_NA/IGF128402/IGF128402_S12_L003_R1_001.fastq.gz,/rds/general/project/ukdrmultiomicsproject/live/igf/IGFQ001663_matthews_29-8-2023_10x_multiome/igf/BHHFGMDSX7/2/20_NA/IGF128402/IGF128402_S12_L002_R1_001.fastq.gz,/rds/general/project/ukdrmultiomicsproject/live/igf/IGFQ001663_matthews_29-8-2023_10x_multiome/igf/BHHFGMDSX7/4/20_NA/IGF128402/IGF128402_S12_L004_R1_001.fastq.gz,/rds/general/project/ukdrmultiomicsproject/live/igf/IGFQ001663_matthews_29-8-2023_10x_multiome/igf/BHHFGMDSX7/1/20_NA/IGF128402/IGF128402_S12_L001_R1_001.fastq.gz,/rds/general/project/ukdrmultiomicsproject/live/synapse_mirror/MAP/Multiomics/snRNAseq/Raw_FASTQ/BBN001_30883_PFC_S2_L001_R1_001.fastq.gz
/rds/general/project/ukdrmultiomicsproject/live/igf/IGFQ001663_matthews_29-8-2023_10x_multiome/igf/BHHFGMDSX7/3/20_NA/IGF128403/IGF128403_S13_L003_R1_001.fastq.gz,/rds/general/project/ukdrmultiomicsproject/live/igf/IGFQ001663_matthews_29-8-2023_10x_multiome/igf/BHHFGMDSX7/2/20_NA/IGF128403/IGF128403_S13_L002_R1_001.fastq.gz,/rds/general/project/ukdrmultiomicsproject/live/igf/IGFQ001663_matthews_29-8-2023_10x_multiome/igf/BHHFGMDSX7/4/20_NA/IGF128403/IGF128403_S13_L004_R1_001.fastq.gz,/rds/general/project/ukdrmultiomicsproject/live/igf/IGFQ001663_matthews_29-8-2023_10x_multiome/igf/BHHFGMDSX7/1/20_NA/IGF128403/IGF128403_S13_L001_R1_001.fastq.gz,/rds/general/project/ukdrmultiomicsproject/live/synapse_mirror/MAP/Multiomics/snRNAseq/Raw_FASTQ/BBN006_30889_PFC_S3_L001_R1_001.fastq.gz
/rds/general/project/ukdrmultiomicsproject/live/igf/IGFQ001663_matthews_29-8-2023_10x_multiome/igf/BHHFGMDSX7/3/20_NA/IGF128405/IGF128405_S15_L003_R1_001.fastq.gz,/rds/general/project/ukdrmultiomicsproject/live/igf/IGFQ001663_matthews_29-8-2023_10x_multiome/igf/BHHFGMDSX7/2/20_NA/IGF128405/IGF128405_S15_L002_R1_001.fastq.gz,/rds/general/project/ukdrmultiomicsproject/live/igf/IGFQ001663_matthews_29-8-2023_10x_multiome/igf/BHHFGMDSX7/4/20_NA/IGF128405/IGF128405_S15_L004_R1_001.fastq.gz,/rds/general/project/ukdrmultiomicsproject/live/igf/IGFQ001663_matthews_29-8-2023_10x_multiome/igf/BHHFGMDSX7/1/20_NA/IGF128405/IGF128405_S15_L001_R1_001.fastq.gz,/rds/general/project/ukdrmultiomicsproject/live/synapse_mirror/MAP/Multiomics/snRNAseq/Raw_FASTQ/BBN002_26278_PFC_S2_L001_R1_001.fastq.gz
/rds/general/project/ukdrmultiomicsproject/live/igf/IGFQ001663_matthews_29-8-2023_10x_multiome/igf/BHHFGMDSX7/3/20_NA/IGF128406/IGF128406_S16_L003_R1_001.fastq.gz,/rds/general/project/ukdrmultiomicsproject/live/igf/IGFQ001663_matthews_29-8-2023_10x_multiome/igf/BHHFGMDSX7/2/20_NA/IGF128406/IGF128406_S16_L002_R1_001.fastq.gz,/rds/general/project/ukdrmultiomicsproject/live/igf/IGFQ001663_matthews_29-8-2023_10x_multiome/igf/BHHFGMDSX7/4/20_NA/IGF128406/IGF128406_S16_L004_R1_001.fastq.gz,/rds/general/project/ukdrmultiomicsproject/live/igf/IGFQ001663_matthews_29-8-2023_10x_multiome/igf/BHHFGMDSX7/1/20_NA/IGF128406/IGF128406_S16_L001_R1_001.fastq.gz,/rds/general/project/ukdrmultiomicsproject/live/synapse_mirror/MAP/Multiomics/snRNAseq/Raw_FASTQ/BBN006_36102_PFC_S2_L001_R1_001.fastq.gz
/rds/general/project/ukdrmultiomicsproject/live/igf/IGFQ001663_matthews_29-8-2023_10x_multiome/igf/BHHFGMDSX7/3/20_NA/IGF128407/IGF128407_S17_L003_R1_001.fastq.gz,/rds/general/project/ukdrmultiomicsproject/live/igf/IGFQ001663_matthews_29-8-2023_10x_multiome/igf/BHHFGMDSX7/2/20_NA/IGF128407/IGF128407_S17_L002_R1_001.fastq.gz,/rds/general/project/ukdrmultiomicsproject/live/igf/IGFQ001663_matthews_29-8-2023_10x_multiome/igf/BHHFGMDSX7/4/20_NA/IGF128407/IGF128407_S17_L004_R1_001.fastq.gz,/rds/general/project/ukdrmultiomicsproject/live/igf/IGFQ001663_matthews_29-8-2023_10x_multiome/igf/BHHFGMDSX7/1/20_NA/IGF128407/IGF128407_S17_L001_R1_001.fastq.gz,/rds/general/project/ukdrmultiomicsproject/live/synapse_mirror/MAP/Multiomics/snRNAseq/Raw_FASTQ/BBN006_36170_PFC_S2_L001_R1_001.fastq.gz
/rds/general/project/ukdrmultiomicsproject/live/igf/IGFQ001663_matthews_29-8-2023_10x_multiome/igf/BHHFGMDSX7/3/20_NA/IGF128408/IGF128408_S18_L003_R1_001.fastq.gz,/rds/general/project/ukdrmultiomicsproject/live/igf/IGFQ001663_matthews_29-8-2023_10x_multiome/igf/BHHFGMDSX7/2/20_NA/IGF128408/IGF128408_S18_L002_R1_001.fastq.gz,/rds/general/project/ukdrmultiomicsproject/live/igf/IGFQ001663_matthews_29-8-2023_10x_multiome/igf/BHHFGMDSX7/4/20_NA/IGF128408/IGF128408_S18_L004_R1_001.fastq.gz,/rds/general/project/ukdrmultiomicsproject/live/igf/IGFQ001663_matthews_29-8-2023_10x_multiome/igf/BHHFGMDSX7/1/20_NA/IGF128408/IGF128408_S18_L001_R1_001.fastq.gz,/rds/general/project/ukdrmultiomicsproject/live/synapse_mirror/MAP/Multiomics/snRNAseq/Raw_FASTQ/BBN001_35182_PFC_S2_L001_R1_001.fastq.gz
/rds/general/project/ukdrmultiomicsproject/live/igf/IGFQ001663_matthews_29-8-2023_10x_multiome/igf/BHHFGMDSX7/3/20_NA/IGF128409/IGF128409_S19_L003_R1_001.fastq.gz,/rds/general/project/ukdrmultiomicsproject/live/igf/IGFQ001663_matthews_29-8-2023_10x_multiome/igf/BHHFGMDSX7/2/20_NA/IGF128409/IGF128409_S19_L002_R1_001.fastq.gz,/rds/general/project/ukdrmultiomicsproject/live/igf/IGFQ001663_matthews_29-8-2023_10x_multiome/igf/BHHFGMDSX7/4/20_NA/IGF128409/IGF128409_S19_L004_R1_001.fastq.gz,/rds/general/project/ukdrmultiomicsproject/live/igf/IGFQ001663_matthews_29-8-2023_10x_multiome/igf/BHHFGMDSX7/1/20_NA/IGF128409/IGF128409_S19_L001_R1_001.fastq.gz,/rds/general/project/ukdrmultiomicsproject/live/synapse_mirror/MAP/Multiomics/snRNAseq/Raw_FASTQ/BBN006_30165_PFC_S3_L001_R1_001.fastq.gz
/rds/general/project/ukdrmultiomicsproject/live/igf/IGFQ001663_matthews_29-8-2023_10x_multiome/igf/BHHFGMDSX7/3/20_NA/IGF128410/IGF128410_S20_L003_R1_001.fastq.gz,/rds/general/project/ukdrmultiomicsproject/live/igf/IGFQ001663_matthews_29-8-2023_10x_multiome/igf/BHHFGMDSX7/2/20_NA/IGF128410/IGF128410_S20_L002_R1_001.fastq.gz,/rds/general/project/ukdrmultiomicsproject/live/igf/IGFQ001663_matthews_29-8-2023_10x_multiome/igf/BHHFGMDSX7/4/20_NA/IGF128410/IGF128410_S20_L004_R1_001.fastq.gz,/rds/general/project/ukdrmultiomicsproject/live/igf/IGFQ001663_matthews_29-8-2023_10x_multiome/igf/BHHFGMDSX7/1/20_NA/IGF128410/IGF128410_S20_L001_R1_001.fastq.gz,/rds/general/project/ukdrmultiomicsproject/live/synapse_mirror/MAP/Multiomics/snRNAseq/Raw_FASTQ/BBN006_35560_PFC_S2_L001_R1_001.fastq.gz
/rds/general/project/ukdrmultiomicsproject/live/igf/IGFQ001663_matthews_29-8-2023_10x_multiome/igf/BHHFGMDSX7/3/20_NA/IGF128411/IGF128411_S21_L003_R1_001.fastq.gz,/rds/general/project/ukdrmultiomicsproject/live/igf/IGFQ001663_matthews_29-8-2023_10x_multiome/igf/BHHFGMDSX7/2/20_NA/IGF128411/IGF128411_S21_L002_R1_001.fastq.gz,/rds/general/project/ukdrmultiomicsproject/live/igf/IGFQ001663_matthews_29-8-2023_10x_multiome/igf/BHHFGMDSX7/4/20_NA/IGF128411/IGF128411_S21_L004_R1_001.fastq.gz,/rds/general/project/ukdrmultiomicsproject/live/igf/IGFQ001663_matthews_29-8-2023_10x_multiome/igf/BHHFGMDSX7/1/20_NA/IGF128411/IGF128411_S21_L001_R1_001.fastq.gz,/rds/general/project/ukdrmultiomicsproject/live/synapse_mirror/MAP/Multiomics/snRNAseq/Raw_FASTQ/BBN_20593_PFC_S2_L001_R1_001.fastq.gz
/rds/general/project/ukdrmultiomicsproject/live/igf/IGFQ001663_matthews_29-8-2023_10x_multiome/igf/BHHFGMDSX7/3/20_NA/IGF128412/IGF128412_S22_L003_R1_001.fastq.gz,/rds/general/project/ukdrmultiomicsproject/live/igf/IGFQ001663_matthews_29-8-2023_10x_multiome/igf/BHHFGMDSX7/2/20_NA/IGF128412/IGF128412_S22_L002_R1_001.fastq.gz,/rds/general/project/ukdrmultiomicsproject/live/igf/IGFQ001663_matthews_29-8-2023_10x_multiome/igf/BHHFGMDSX7/4/20_NA/IGF128412/IGF128412_S22_L004_R1_001.fastq.gz,/rds/general/project/ukdrmultiomicsproject/live/igf/IGFQ001663_matthews_29-8-2023_10x_multiome/igf/BHHFGMDSX7/1/20_NA/IGF128412/IGF128412_S22_L001_R1_001.fastq.gz,/rds/general/project/ukdrmultiomicsproject/live/synapse_mirror/MAP/Multiomics/snRNAseq/Raw_FASTQ/BBN002_36130_EC_S1_L001_R1_001.fastq.gz
/rds/general/project/ukdrmultiomicsproject/live/igf/IGFQ001663_matthews_29-8-2023_10x_multiome/igf/BHHFGMDSX7/3/20_NA/IGF128413/IGF128413_S23_L003_R1_001.fastq.gz,/rds/general/project/ukdrmultiomicsproject/live/igf/IGFQ001663_matthews_29-8-2023_10x_multiome/igf/BHHFGMDSX7/2/20_NA/IGF128413/IGF128413_S23_L002_R1_001.fastq.gz,/rds/general/project/ukdrmultiomicsproject/live/igf/IGFQ001663_matthews_29-8-2023_10x_multiome/igf/BHHFGMDSX7/4/20_NA/IGF128413/IGF128413_S23_L004_R1_001.fastq.gz,/rds/general/project/ukdrmultiomicsproject/live/igf/IGFQ001663_matthews_29-8-2023_10x_multiome/igf/BHHFGMDSX7/1/20_NA/IGF128413/IGF128413_S23_L001_R1_001.fastq.gz,/rds/general/project/ukdrmultiomicsproject/live/synapse_mirror/MAP/Multiomics/snRNAseq/Raw_FASTQ/BBN006_35417_PFC_S2_L001_R1_001.fastq.gz
/rds/general/project/ukdrmultiomicsproject/live/igf/IGFQ001663_matthews_29-8-2023_10x_multiome/igf/BHHFGMDSX7/3/20_NA/IGF128414/IGF128414_S24_L003_R1_001.fastq.gz,/rds/general/project/ukdrmultiomicsproject/live/igf/IGFQ001663_matthews_29-8-2023_10x_multiome/igf/BHHFGMDSX7/2/20_NA/IGF128414/IGF128414_S24_L002_R1_001.fastq.gz,/rds/general/project/ukdrmultiomicsproject/live/igf/IGFQ001663_matthews_29-8-2023_10x_multiome/igf/BHHFGMDSX7/4/20_NA/IGF128414/IGF128414_S24_L004_R1_001.fastq.gz,/rds/general/project/ukdrmultiomicsproject/live/igf/IGFQ001663_matthews_29-8-2023_10x_multiome/igf/BHHFGMDSX7/1/20_NA/IGF128414/IGF128414_S24_L001_R1_001.fastq.gz,/rds/general/project/ukdrmultiomicsproject/live/synapse_mirror/MAP/Multiomics/snRNAseq/Raw_FASTQ/BBN002_32628_PFC_S2_L001_R1_001.fastq.gz
/rds/general/project/ukdrmultiomicsproject/live/igf/IGFQ001663_matthews_29-8-2023_10x_multiome/igf/BHHFGMDSX7/3/20_NA/IGF128415/IGF128415_S25_L003_R1_001.fastq.gz,/rds/general/project/ukdrmultiomicsproject/live/igf/IGFQ001663_matthews_29-8-2023_10x_multiome/igf/BHHFGMDSX7/2/20_NA/IGF128415/IGF128415_S25_L002_R1_001.fastq.gz,/rds/general/project/ukdrmultiomicsproject/live/igf/IGFQ001663_matthews_29-8-2023_10x_multiome/igf/BHHFGMDSX7/4/20_NA/IGF128415/IGF128415_S25_L004_R1_001.fastq.gz,/rds/general/project/ukdrmultiomicsproject/live/igf/IGFQ001663_matthews_29-8-2023_10x_multiome/igf/BHHFGMDSX7/1/20_NA/IGF128415/IGF128415_S25_L001_R1_001.fastq.gz,/rds/general/project/ukdrmultiomicsproject/live/synapse_mirror/Genetically_stratified_cohorts/TREM2/Multiomics/snRNAseq/Raw_FASTQ/BBN_9984_EC_S2_L001_R1_001.fastq.gz
/rds/general/project/ukdrmultiomicsproject/live/igf/IGFQ001663_matthews_29-8-2023_10x_multiome/igf/BHHFGMDSX7/3/20_NA/IGF128416/IGF128416_S26_L003_R1_001.fastq.gz,/rds/general/project/ukdrmultiomicsproject/live/igf/IGFQ001663_matthews_29-8-2023_10x_multiome/igf/BHHFGMDSX7/2/20_NA/IGF128416/IGF128416_S26_L002_R1_001.fastq.gz,/rds/general/project/ukdrmultiomicsproject/live/igf/IGFQ001663_matthews_29-8-2023_10x_multiome/igf/BHHFGMDSX7/4/20_NA/IGF128416/IGF128416_S26_L004_R1_001.fastq.gz,/rds/general/project/ukdrmultiomicsproject/live/igf/IGFQ001663_matthews_29-8-2023_10x_multiome/igf/BHHFGMDSX7/1/20_NA/IGF128416/IGF128416_S26_L001_R1_001.fastq.gz,/rds/general/project/ukdrmultiomicsproject/live/synapse_mirror/MAP/Multiomics/snRNAseq/Raw_FASTQ/BBN_20618_EC_S1_L001_R1_001.fastq.gz
/rds/general/project/ukdrmultiomicsproject/live/igf/IGFQ001663_matthews_29-8-2023_10x_multiome/igf/BHHFGMDSX7/3/20_NA/IGF128418/IGF128418_S28_L003_R1_001.fastq.gz,/rds/general/project/ukdrmultiomicsproject/live/igf/IGFQ001663_matthews_29-8-2023_10x_multiome/igf/BHHFGMDSX7/2/20_NA/IGF128418/IGF128418_S28_L002_R1_001.fastq.gz,/rds/general/project/ukdrmultiomicsproject/live/igf/IGFQ001663_matthews_29-8-2023_10x_multiome/igf/BHHFGMDSX7/4/20_NA/IGF128418/IGF128418_S28_L004_R1_001.fastq.gz,/rds/general/project/ukdrmultiomicsproject/live/igf/IGFQ001663_matthews_29-8-2023_10x_multiome/igf/BHHFGMDSX7/1/20_NA/IGF128418/IGF128418_S28_L001_R1_001.fastq.gz,/rds/general/project/ukdrmultiomicsproject/live/synapse_mirror/Associated_tissue_studies/Understanding_post_mortem_effects/Transcriptomics/snRNAseq_cortical_tissue/Raw_FASTQ/RSMG12_4_S2_L001_R1_001.fastq.gz
/rds/general/project/ukdrmultiomicsproject/live/igf/IGFQ001663_matthews_29-8-2023_10x_multiome/igf/BHHFGMDSX7/3/20_NA/IGF128419/IGF128419_S29_L003_R1_001.fastq.gz,/rds/general/project/ukdrmultiomicsproject/live/igf/IGFQ001663_matthews_29-8-2023_10x_multiome/igf/BHHFGMDSX7/2/20_NA/IGF128419/IGF128419_S29_L002_R1_001.fastq.gz,/rds/general/project/ukdrmultiomicsproject/live/igf/IGFQ001663_matthews_29-8-2023_10x_multiome/igf/BHHFGMDSX7/4/20_NA/IGF128419/IGF128419_S29_L004_R1_001.fastq.gz,/rds/general/project/ukdrmultiomicsproject/live/igf/IGFQ001663_matthews_29-8-2023_10x_multiome/igf/BHHFGMDSX7/1/20_NA/IGF128419/IGF128419_S29_L001_R1_001.fastq.gz,/rds/general/project/ukdrmultiomicsproject/live/synapse_mirror/Genetically_stratified_cohorts/TREM2/Multiomics/snRNAseq/Raw_FASTQ/BBN_7617_MTG_S2_L001_R1_001.fastq.gz
/rds/general/project/ukdrmultiomicsproject/live/igf/IGFQ001663_matthews_29-8-2023_10x_multiome/igf/BHLKYNDMXY/2/8_10X/IGF128420/IGF128420_S1_L002_R1_001.fastq.gz,/rds/general/project/ukdrmultiomicsproject/live/igf/IGFQ001663_matthews_29-8-2023_10x_multiome/igf/BHLKYNDMXY/1/8_10X/IGF128420/IGF128420_S1_L001_R1_001.fastq.gz,/rds/general/project/ukdrmultiomicsproject/live/igf/IGFQ001663_matthews_29-8-2023_10x_multiome/igf/AACVYNMM5/1/8_10X/IGF128420/IGF128420_S1_L001_R1_001.fastq.gz,/rds/general/project/ukdrmultiomicsproject/live/synapse_mirror/MAP/Multiomics/snATACseq/Raw_FASTQ/BBN006_34151_PFC_S3_L001_R1_001.fastq.gz
/rds/general/project/ukdrmultiomicsproject/live/igf/IGFQ001663_matthews_29-8-2023_10x_multiome/igf/BHLKYNDMXY/2/8_10X/IGF128421/IGF128421_S2_L002_R1_001.fastq.gz,/rds/general/project/ukdrmultiomicsproject/live/igf/IGFQ001663_matthews_29-8-2023_10x_multiome/igf/BHLKYNDMXY/1/8_10X/IGF128421/IGF128421_S2_L001_R1_001.fastq.gz,/rds/general/project/ukdrmultiomicsproject/live/igf/IGFQ001663_matthews_29-8-2023_10x_multiome/igf/AACVYNMM5/1/8_10X/IGF128421/IGF128421_S2_L001_R1_001.fastq.gz,/rds/general/project/ukdrmultiomicsproject/live/synapse_mirror/MAP/Multiomics/snATACseq/Raw_FASTQ/BBN006_35453_PFC_S3_L001_R1_001.fastq.gz
/rds/general/project/ukdrmultiomicsproject/live/igf/IGFQ001663_matthews_29-8-2023_10x_multiome/igf/BHLKYNDMXY/2/8_10X/IGF128422/IGF128422_S3_L002_R1_001.fastq.gz,/rds/general/project/ukdrmultiomicsproject/live/igf/IGFQ001663_matthews_29-8-2023_10x_multiome/igf/BHLKYNDMXY/1/8_10X/IGF128422/IGF128422_S3_L001_R1_001.fastq.gz,/rds/general/project/ukdrmultiomicsproject/live/igf/IGFQ001663_matthews_29-8-2023_10x_multiome/igf/AACVYNMM5/1/8_10X/IGF128422/IGF128422_S3_L001_R1_001.fastq.gz,/rds/general/project/ukdrmultiomicsproject/live/synapse_mirror/MAP/Multiomics/snATACseq/Raw_FASTQ/BBN006_36107_PFC_S3_L001_R1_001.fastq.gz
/rds/general/project/ukdrmultiomicsproject/live/igf/IGFQ001663_matthews_29-8-2023_10x_multiome/igf/BHLKYNDMXY/2/8_10X/IGF128423/IGF128423_S4_L002_R1_001.fastq.gz,/rds/general/project/ukdrmultiomicsproject/live/igf/IGFQ001663_matthews_29-8-2023_10x_multiome/igf/BHLKYNDMXY/1/8_10X/IGF128423/IGF128423_S4_L001_R1_001.fastq.gz,/rds/general/project/ukdrmultiomicsproject/live/igf/IGFQ001663_matthews_29-8-2023_10x_multiome/igf/AACVYNMM5/1/8_10X/IGF128423/IGF128423_S4_L001_R1_001.fastq.gz,/rds/general/project/ukdrmultiomicsproject/live/synapse_mirror/MAP/Multiomics/snATACseq/Raw_FASTQ/BBN_20618_PFC_S4_L001_R1_001.fastq.gz
/rds/general/project/ukdrmultiomicsproject/live/igf/IGFQ001663_matthews_29-8-2023_10x_multiome/igf/BHLKYNDMXY/2/8_10X/IGF128424/IGF128424_S5_L002_R1_001.fastq.gz,/rds/general/project/ukdrmultiomicsproject/live/igf/IGFQ001663_matthews_29-8-2023_10x_multiome/igf/BHLKYNDMXY/1/8_10X/IGF128424/IGF128424_S5_L001_R1_001.fastq.gz,/rds/general/project/ukdrmultiomicsproject/live/igf/IGFQ001663_matthews_29-8-2023_10x_multiome/igf/AACVYNMM5/1/8_10X/IGF128424/IGF128424_S5_L001_R1_001.fastq.gz,/rds/general/project/ukdrmultiomicsproject/live/synapse_mirror/MAP/Multiomics/snATACseq/Raw_FASTQ/BBN002_32844_PFC_S3_L001_R1_001.fastq.gz
/rds/general/project/ukdrmultiomicsproject/live/igf/IGFQ001663_matthews_29-8-2023_10x_multiome/igf/BHLKYNDMXY/2/8_10X/IGF128425/IGF128425_S6_L002_R1_001.fastq.gz,/rds/general/project/ukdrmultiomicsproject/live/igf/IGFQ001663_matthews_29-8-2023_10x_multiome/igf/BHLKYNDMXY/1/8_10X/IGF128425/IGF128425_S6_L001_R1_001.fastq.gz,/rds/general/project/ukdrmultiomicsproject/live/igf/IGFQ001663_matthews_29-8-2023_10x_multiome/igf/AACVYNMM5/1/8_10X/IGF128425/IGF128425_S6_L001_R1_001.fastq.gz,/rds/general/project/ukdrmultiomicsproject/live/synapse_mirror/MAP/Multiomics/snATACseq/Raw_FASTQ/BBN006_35513_PFC_S3_L001_R1_001.fastq.gz
/rds/general/project/ukdrmultiomicsproject/live/igf/IGFQ001663_matthews_29-8-2023_10x_multiome/igf/BHLKYNDMXY/2/8_10X/IGF128426/IGF128426_S7_L002_R1_001.fastq.gz,/rds/general/project/ukdrmultiomicsproject/live/igf/IGFQ001663_matthews_29-8-2023_10x_multiome/igf/BHLKYNDMXY/1/8_10X/IGF128426/IGF128426_S7_L001_R1_001.fastq.gz,/rds/general/project/ukdrmultiomicsproject/live/synapse_mirror/MAP/Multiomics/snATACseq/Raw_FASTQ/BBN002_35951_PFC_S6_L001_R1_001.fastq.gz
/rds/general/project/ukdrmultiomicsproject/live/igf/IGFQ001663_matthews_29-8-2023_10x_multiome/igf/BHLKYNDMXY/2/8_10X/IGF128427/IGF128427_S8_L002_R1_001.fastq.gz,/rds/general/project/ukdrmultiomicsproject/live/igf/IGFQ001663_matthews_29-8-2023_10x_multiome/igf/BHLKYNDMXY/1/8_10X/IGF128427/IGF128427_S8_L001_R1_001.fastq.gz,/rds/general/project/ukdrmultiomicsproject/live/igf/IGFQ001663_matthews_29-8-2023_10x_multiome/igf/AACVYNMM5/1/8_10X/IGF128427/IGF128427_S7_L001_R1_001.fastq.gz,/rds/general/project/ukdrmultiomicsproject/live/synapse_mirror/MAP/Multiomics/snATACseq/Raw_FASTQ/BBN006_35417_EC_S2_L001_R1_001.fastq.gz
/rds/general/project/ukdrmultiomicsproject/live/igf/IGFQ001663_matthews_29-8-2023_10x_multiome/igf/BHLKYNDMXY/2/8_10X/IGF128428/IGF128428_S9_L002_R1_001.fastq.gz,/rds/general/project/ukdrmultiomicsproject/live/igf/IGFQ001663_matthews_29-8-2023_10x_multiome/igf/BHLKYNDMXY/1/8_10X/IGF128428/IGF128428_S9_L001_R1_001.fastq.gz,/rds/general/project/ukdrmultiomicsproject/live/igf/IGFQ001663_matthews_29-8-2023_10x_multiome/igf/AACVYNMM5/1/8_10X/IGF128428/IGF128428_S8_L001_R1_001.fastq.gz,/rds/general/project/ukdrmultiomicsproject/live/synapse_mirror/MAP/Multiomics/snATACseq/Raw_FASTQ/BBN002_28858_PFC_S3_L001_R1_001.fastq.gz
/rds/general/project/ukdrmultiomicsproject/live/igf/IGFQ001663_matthews_29-8-2023_10x_multiome/igf/BHLKYNDMXY/2/8_10X/IGF128429/IGF128429_S10_L002_R1_001.fastq.gz,/rds/general/project/ukdrmultiomicsproject/live/igf/IGFQ001663_matthews_29-8-2023_10x_multiome/igf/BHLKYNDMXY/1/8_10X/IGF128429/IGF128429_S10_L001_R1_001.fastq.gz,/rds/general/project/ukdrmultiomicsproject/live/igf/IGFQ001663_matthews_29-8-2023_10x_multiome/igf/AACVYNMM5/1/8_10X/IGF128429/IGF128429_S9_L001_R1_001.fastq.gz,/rds/general/project/ukdrmultiomicsproject/live/synapse_mirror/Genetically_stratified_cohorts/TREM2/Multiomics/snATACseq/Raw_FASTQ/BBN_9984_PFC_S3_L001_R1_001.fastq.gz
/rds/general/project/ukdrmultiomicsproject/live/igf/IGFQ001663_matthews_29-8-2023_10x_multiome/igf/BHLKYNDMXY/2/8_10X/IGF128430/IGF128430_S11_L002_R1_001.fastq.gz,/rds/general/project/ukdrmultiomicsproject/live/igf/IGFQ001663_matthews_29-8-2023_10x_multiome/igf/BHLKYNDMXY/1/8_10X/IGF128430/IGF128430_S11_L001_R1_001.fastq.gz,/rds/general/project/ukdrmultiomicsproject/live/igf/IGFQ001663_matthews_29-8-2023_10x_multiome/igf/AACVYNMM5/1/8_10X/IGF128430/IGF128430_S10_L001_R1_001.fastq.gz,/rds/general/project/ukdrmultiomicsproject/live/synapse_mirror/MAP/Multiomics/snATACseq/Raw_FASTQ/BBN002_36130_PFC_S4_L001_R1_001.fastq.gz
/rds/general/project/ukdrmultiomicsproject/live/igf/IGFQ001663_matthews_29-8-2023_10x_multiome/igf/BHLKYNDMXY/2/8_10X/IGF128431/IGF128431_S12_L002_R1_001.fastq.gz,/rds/general/project/ukdrmultiomicsproject/live/igf/IGFQ001663_matthews_29-8-2023_10x_multiome/igf/BHLKYNDMXY/1/8_10X/IGF128431/IGF128431_S12_L001_R1_001.fastq.gz,/rds/general/project/ukdrmultiomicsproject/live/igf/IGFQ001663_matthews_29-8-2023_10x_multiome/igf/AACVYNMM5/1/8_10X/IGF128431/IGF128431_S11_L001_R1_001.fastq.gz,/rds/general/project/ukdrmultiomicsproject/live/synapse_mirror/MAP/Multiomics/snATACseq/Raw_FASTQ/BBN001_30883_PFC_S3_L001_R1_001.fastq.gz
/rds/general/project/ukdrmultiomicsproject/live/igf/IGFQ001663_matthews_29-8-2023_10x_multiome/igf/BHLKYNDMXY/2/8_10X/IGF128432/IGF128432_S13_L002_R1_001.fastq.gz,/rds/general/project/ukdrmultiomicsproject/live/igf/IGFQ001663_matthews_29-8-2023_10x_multiome/igf/BHLKYNDMXY/1/8_10X/IGF128432/IGF128432_S13_L001_R1_001.fastq.gz,/rds/general/project/ukdrmultiomicsproject/live/igf/IGFQ001663_matthews_29-8-2023_10x_multiome/igf/AACVYNMM5/1/8_10X/IGF128432/IGF128432_S12_L001_R1_001.fastq.gz,/rds/general/project/ukdrmultiomicsproject/live/synapse_mirror/MAP/Multiomics/snATACseq/Raw_FASTQ/BBN006_30889_PFC_S4_L001_R1_001.fastq.gz
/rds/general/project/ukdrmultiomicsproject/live/igf/IGFQ001663_matthews_29-8-2023_10x_multiome/igf/BHLKYNDMXY/2/8_10X/IGF128434/IGF128434_S15_L002_R1_001.fastq.gz,/rds/general/project/ukdrmultiomicsproject/live/igf/IGFQ001663_matthews_29-8-2023_10x_multiome/igf/BHLKYNDMXY/1/8_10X/IGF128434/IGF128434_S15_L001_R1_001.fastq.gz,/rds/general/project/ukdrmultiomicsproject/live/igf/IGFQ001663_matthews_29-8-2023_10x_multiome/igf/AACVYNMM5/1/8_10X/IGF128434/IGF128434_S14_L001_R1_001.fastq.gz,/rds/general/project/ukdrmultiomicsproject/live/synapse_mirror/MAP/Multiomics/snATACseq/Raw_FASTQ/BBN002_26278_PFC_S3_L001_R1_001.fastq.gz
/rds/general/project/ukdrmultiomicsproject/live/igf/IGFQ001663_matthews_29-8-2023_10x_multiome/igf/BHLKYNDMXY/2/8_10X/IGF128435/IGF128435_S16_L002_R1_001.fastq.gz,/rds/general/project/ukdrmultiomicsproject/live/igf/IGFQ001663_matthews_29-8-2023_10x_multiome/igf/BHLKYNDMXY/1/8_10X/IGF128435/IGF128435_S16_L001_R1_001.fastq.gz,/rds/general/project/ukdrmultiomicsproject/live/igf/IGFQ001663_matthews_29-8-2023_10x_multiome/igf/AACVYNMM5/1/8_10X/IGF128435/IGF128435_S15_L001_R1_001.fastq.gz,/rds/general/project/ukdrmultiomicsproject/live/synapse_mirror/MAP/Multiomics/snATACseq/Raw_FASTQ/BBN006_36102_PFC_S3_L001_R1_001.fastq.gz
/rds/general/project/ukdrmultiomicsproject/live/igf/IGFQ001663_matthews_29-8-2023_10x_multiome/igf/BHLKYNDMXY/2/8_10X/IGF128436/IGF128436_S17_L002_R1_001.fastq.gz,/rds/general/project/ukdrmultiomicsproject/live/igf/IGFQ001663_matthews_29-8-2023_10x_multiome/igf/BHLKYNDMXY/1/8_10X/IGF128436/IGF128436_S17_L001_R1_001.fastq.gz,/rds/general/project/ukdrmultiomicsproject/live/igf/IGFQ001663_matthews_29-8-2023_10x_multiome/igf/AACVYNMM5/1/8_10X/IGF128436/IGF128436_S16_L001_R1_001.fastq.gz,/rds/general/project/ukdrmultiomicsproject/live/synapse_mirror/MAP/Multiomics/snATACseq/Raw_FASTQ/BBN006_36170_PFC_S3_L001_R1_001.fastq.gz
/rds/general/project/ukdrmultiomicsproject/live/igf/IGFQ001663_matthews_29-8-2023_10x_multiome/igf/BHLKYNDMXY/2/8_10X/IGF128437/IGF128437_S18_L002_R1_001.fastq.gz,/rds/general/project/ukdrmultiomicsproject/live/igf/IGFQ001663_matthews_29-8-2023_10x_multiome/igf/BHLKYNDMXY/1/8_10X/IGF128437/IGF128437_S18_L001_R1_001.fastq.gz,/rds/general/project/ukdrmultiomicsproject/live/igf/IGFQ001663_matthews_29-8-2023_10x_multiome/igf/AACVYNMM5/1/8_10X/IGF128437/IGF128437_S17_L001_R1_001.fastq.gz,/rds/general/project/ukdrmultiomicsproject/live/synapse_mirror/MAP/Multiomics/snATACseq/Raw_FASTQ/BBN001_35182_PFC_S3_L001_R1_001.fastq.gz
/rds/general/project/ukdrmultiomicsproject/live/igf/IGFQ001663_matthews_29-8-2023_10x_multiome/igf/BHLKYNDMXY/2/8_10X/IGF128438/IGF128438_S19_L002_R1_001.fastq.gz,/rds/general/project/ukdrmultiomicsproject/live/igf/IGFQ001663_matthews_29-8-2023_10x_multiome/igf/BHLKYNDMXY/1/8_10X/IGF128438/IGF128438_S19_L001_R1_001.fastq.gz,/rds/general/project/ukdrmultiomicsproject/live/igf/IGFQ001663_matthews_29-8-2023_10x_multiome/igf/AACVYNMM5/1/8_10X/IGF128438/IGF128438_S18_L001_R1_001.fastq.gz,/rds/general/project/ukdrmultiomicsproject/live/synapse_mirror/MAP/Multiomics/snATACseq/Raw_FASTQ/BBN006_30165_PFC_S4_L001_R1_001.fastq.gz
/rds/general/project/ukdrmultiomicsproject/live/igf/IGFQ001663_matthews_29-8-2023_10x_multiome/igf/BHLKYNDMXY/2/8_10X/IGF128439/IGF128439_S20_L002_R1_001.fastq.gz,/rds/general/project/ukdrmultiomicsproject/live/igf/IGFQ001663_matthews_29-8-2023_10x_multiome/igf/BHLKYNDMXY/1/8_10X/IGF128439/IGF128439_S20_L001_R1_001.fastq.gz,/rds/general/project/ukdrmultiomicsproject/live/igf/IGFQ001663_matthews_29-8-2023_10x_multiome/igf/AACVYNMM5/1/8_10X/IGF128439/IGF128439_S19_L001_R1_001.fastq.gz,/rds/general/project/ukdrmultiomicsproject/live/synapse_mirror/MAP/Multiomics/snATACseq/Raw_FASTQ/BBN006_35560_PFC_S3_L001_R1_001.fastq.gz
/rds/general/project/ukdrmultiomicsproject/live/igf/IGFQ001663_matthews_29-8-2023_10x_multiome/igf/BHLKYNDMXY/2/8_10X/IGF128440/IGF128440_S21_L002_R1_001.fastq.gz,/rds/general/project/ukdrmultiomicsproject/live/igf/IGFQ001663_matthews_29-8-2023_10x_multiome/igf/BHLKYNDMXY/1/8_10X/IGF128440/IGF128440_S21_L001_R1_001.fastq.gz,/rds/general/project/ukdrmultiomicsproject/live/igf/IGFQ001663_matthews_29-8-2023_10x_multiome/igf/AACVYNMM5/1/8_10X/IGF128440/IGF128440_S20_L001_R1_001.fastq.gz,/rds/general/project/ukdrmultiomicsproject/live/synapse_mirror/MAP/Multiomics/snATACseq/Raw_FASTQ/BBN_20593_PFC_S3_L001_R1_001.fastq.gz
/rds/general/project/ukdrmultiomicsproject/live/igf/IGFQ001663_matthews_29-8-2023_10x_multiome/igf/BHLKYNDMXY/2/8_10X/IGF128441/IGF128441_S22_L002_R1_001.fastq.gz,/rds/general/project/ukdrmultiomicsproject/live/igf/IGFQ001663_matthews_29-8-2023_10x_multiome/igf/BHLKYNDMXY/1/8_10X/IGF128441/IGF128441_S22_L001_R1_001.fastq.gz,/rds/general/project/ukdrmultiomicsproject/live/igf/IGFQ001663_matthews_29-8-2023_10x_multiome/igf/AACVYNMM5/1/8_10X/IGF128441/IGF128441_S21_L001_R1_001.fastq.gz,/rds/general/project/ukdrmultiomicsproject/live/synapse_mirror/MAP/Multiomics/snATACseq/Raw_FASTQ/BBN002_36130_EC_S2_L001_R1_001.fastq.gz
/rds/general/project/ukdrmultiomicsproject/live/igf/IGFQ001663_matthews_29-8-2023_10x_multiome/igf/BHLKYNDMXY/2/8_10X/IGF128442/IGF128442_S23_L002_R1_001.fastq.gz,/rds/general/project/ukdrmultiomicsproject/live/igf/IGFQ001663_matthews_29-8-2023_10x_multiome/igf/BHLKYNDMXY/1/8_10X/IGF128442/IGF128442_S23_L001_R1_001.fastq.gz,/rds/general/project/ukdrmultiomicsproject/live/igf/IGFQ001663_matthews_29-8-2023_10x_multiome/igf/AACVYNMM5/1/8_10X/IGF128442/IGF128442_S22_L001_R1_001.fastq.gz,/rds/general/project/ukdrmultiomicsproject/live/synapse_mirror/MAP/Multiomics/snATACseq/Raw_FASTQ/BBN006_35417_PFC_S3_L001_R1_001.fastq.gz
/rds/general/project/ukdrmultiomicsproject/live/igf/IGFQ001663_matthews_29-8-2023_10x_multiome/igf/BHLKYNDMXY/2/8_10X/IGF128443/IGF128443_S24_L002_R1_001.fastq.gz,/rds/general/project/ukdrmultiomicsproject/live/igf/IGFQ001663_matthews_29-8-2023_10x_multiome/igf/BHLKYNDMXY/1/8_10X/IGF128443/IGF128443_S24_L001_R1_001.fastq.gz,/rds/general/project/ukdrmultiomicsproject/live/igf/IGFQ001663_matthews_29-8-2023_10x_multiome/igf/AACVYNMM5/1/8_10X/IGF128443/IGF128443_S23_L001_R1_001.fastq.gz,/rds/general/project/ukdrmultiomicsproject/live/synapse_mirror/MAP/Multiomics/snATACseq/Raw_FASTQ/BBN002_32628_PFC_S3_L001_R1_001.fastq.gz
/rds/general/project/ukdrmultiomicsproject/live/igf/IGFQ001663_matthews_29-8-2023_10x_multiome/igf/BHLKYNDMXY/2/8_10X/IGF128444/IGF128444_S25_L002_R1_001.fastq.gz,/rds/general/project/ukdrmultiomicsproject/live/igf/IGFQ001663_matthews_29-8-2023_10x_multiome/igf/BHLKYNDMXY/1/8_10X/IGF128444/IGF128444_S25_L001_R1_001.fastq.gz,/rds/general/project/ukdrmultiomicsproject/live/igf/IGFQ001663_matthews_29-8-2023_10x_multiome/igf/AACVYNMM5/1/8_10X/IGF128444/IGF128444_S24_L001_R1_001.fastq.gz,/rds/general/project/ukdrmultiomicsproject/live/synapse_mirror/Genetically_stratified_cohorts/TREM2/Multiomics/snATACseq/Raw_FASTQ/BBN_9984_EC_S3_L001_R1_001.fastq.gz
/rds/general/project/ukdrmultiomicsproject/live/igf/IGFQ001663_matthews_29-8-2023_10x_multiome/igf/BHLKYNDMXY/2/8_10X/IGF128445/IGF128445_S26_L002_R1_001.fastq.gz,/rds/general/project/ukdrmultiomicsproject/live/igf/IGFQ001663_matthews_29-8-2023_10x_multiome/igf/BHLKYNDMXY/1/8_10X/IGF128445/IGF128445_S26_L001_R1_001.fastq.gz,/rds/general/project/ukdrmultiomicsproject/live/igf/IGFQ001663_matthews_29-8-2023_10x_multiome/igf/AACVYNMM5/1/8_10X/IGF128445/IGF128445_S25_L001_R1_001.fastq.gz,/rds/general/project/ukdrmultiomicsproject/live/synapse_mirror/MAP/Multiomics/snATACseq/Raw_FASTQ/BBN_20618_EC_S2_L001_R1_001.fastq.gz
