/rds/general/project/ukdrmultiomicsproject/live/synapse_mirror/Genetically_stratified_cohorts/TREM2/Transcriptomics/snRNAseq_cortical_tissue/GliaEnriched/Raw_FASTQ/BBN_16213_SSC_GEN_S1_L001_R1_001.fastq.gz,/rds/general/project/ukdrmultiomicsproject/live/synapse_mirror/Genetically_stratified_cohorts/TREM2/Transcriptomics/snRNAseq_cortical_tissue/GliaEnriched/Raw_FASTQ/BBN_16213_SSC_GEN_S1_L001_R2_001.fastq.gz,syn53165787
/rds/general/project/ukdrmultiomicsproject/live/synapse_mirror/Genetically_stratified_cohorts/TREM2/Transcriptomics/snRNAseq_cortical_tissue/GliaEnriched/Raw_FASTQ/BBN_18399_SSC_GEN_S1_L001_R1_001.fastq.gz,/rds/general/project/ukdrmultiomicsproject/live/synapse_mirror/Genetically_stratified_cohorts/TREM2/Transcriptomics/snRNAseq_cortical_tissue/GliaEnriched/Raw_FASTQ/BBN_18399_SSC_GEN_S1_L001_R2_001.fastq.gz,syn53165787
/rds/general/project/ukdrmultiomicsproject/live/synapse_mirror/Genetically_stratified_cohorts/TREM2/Transcriptomics/snRNAseq_cortical_tissue/GliaEnriched/Raw_FASTQ/BBN_24370_SSC_GEN_S1_L001_R1_001.fastq.gz,/rds/general/project/ukdrmultiomicsproject/live/synapse_mirror/Genetically_stratified_cohorts/TREM2/Transcriptomics/snRNAseq_cortical_tissue/GliaEnriched/Raw_FASTQ/BBN_24370_SSC_GEN_S1_L001_R2_001.fastq.gz,syn53165787
/rds/general/project/ukdrmultiomicsproject/live/synapse_mirror/Genetically_stratified_cohorts/TREM2/Transcriptomics/snRNAseq_cortical_tissue/GliaEnriched/Raw_FASTQ/BBN_16213_EC_GEN_S1_L001_R1_001.fastq.gz,/rds/general/project/ukdrmultiomicsproject/live/synapse_mirror/Genetically_stratified_cohorts/TREM2/Transcriptomics/snRNAseq_cortical_tissue/GliaEnriched/Raw_FASTQ/BBN_16213_EC_GEN_S1_L001_R2_001.fastq.gz,syn53165787
/rds/general/project/ukdrmultiomicsproject/live/synapse_mirror/Genetically_stratified_cohorts/TREM2/Transcriptomics/snRNAseq_cortical_tissue/GliaEnriched/Raw_FASTQ/BBN_24370_EC_GEN_S1_L001_R1_001.fastq.gz,/rds/general/project/ukdrmultiomicsproject/live/synapse_mirror/Genetically_stratified_cohorts/TREM2/Transcriptomics/snRNAseq_cortical_tissue/GliaEnriched/Raw_FASTQ/BBN_24370_EC_GEN_S1_L001_R2_001.fastq.gz,syn53165787
/rds/general/project/ukdrmultiomicsproject/live/synapse_mirror/Genetically_stratified_cohorts/TREM2/Transcriptomics/snRNAseq_cortical_tissue/GliaEnriched/Raw_FASTQ/BBN_21792_SSC_GEN_S1_L001_R1_001.fastq.gz,/rds/general/project/ukdrmultiomicsproject/live/synapse_mirror/Genetically_stratified_cohorts/TREM2/Transcriptomics/snRNAseq_cortical_tissue/GliaEnriched/Raw_FASTQ/BBN_21792_SSC_GEN_S1_L001_R2_001.fastq.gz,syn53165787
/rds/general/project/ukdrmultiomicsproject/live/synapse_mirror/Genetically_stratified_cohorts/TREM2/Transcriptomics/snRNAseq_cortical_tissue/GliaEnriched/Raw_FASTQ/BBN002_30127_SSC_GEN_S1_L001_R1_001.fastq.gz,/rds/general/project/ukdrmultiomicsproject/live/synapse_mirror/Genetically_stratified_cohorts/TREM2/Transcriptomics/snRNAseq_cortical_tissue/GliaEnriched/Raw_FASTQ/BBN002_30127_SSC_GEN_S1_L001_R2_001.fastq.gz,syn53165787
/rds/general/project/ukdrmultiomicsproject/live/synapse_mirror/Genetically_stratified_cohorts/TREM2/Transcriptomics/snRNAseq_cortical_tissue/GliaEnriched/Raw_FASTQ/BBN_21792_EC_GEN_S1_L001_R1_001.fastq.gz,/rds/general/project/ukdrmultiomicsproject/live/synapse_mirror/Genetically_stratified_cohorts/TREM2/Transcriptomics/snRNAseq_cortical_tissue/GliaEnriched/Raw_FASTQ/BBN_21792_EC_GEN_S1_L001_R2_001.fastq.gz,syn53165787
/rds/general/project/ukdrmultiomicsproject/live/synapse_mirror/Genetically_stratified_cohorts/TREM2/Transcriptomics/snRNAseq_cortical_tissue/GliaEnriched/Raw_FASTQ/BBN002_30127_EC_GEN_S1_L001_R1_001.fastq.gz,/rds/general/project/ukdrmultiomicsproject/live/synapse_mirror/Genetically_stratified_cohorts/TREM2/Transcriptomics/snRNAseq_cortical_tissue/GliaEnriched/Raw_FASTQ/BBN002_30127_EC_GEN_S1_L001_R2_001.fastq.gz,syn53165787
/rds/general/project/ukdrmultiomicsproject/live/synapse_mirror/Genetically_stratified_cohorts/TREM2/Transcriptomics/snRNAseq_cortical_tissue/GliaEnriched/Raw_FASTQ/BBN_24578_SSC_GEN_S1_L001_R1_001.fastq.gz,/rds/general/project/ukdrmultiomicsproject/live/synapse_mirror/Genetically_stratified_cohorts/TREM2/Transcriptomics/snRNAseq_cortical_tissue/GliaEnriched/Raw_FASTQ/BBN_24578_SSC_GEN_S1_L001_R2_001.fastq.gz,syn53165787
/rds/general/project/ukdrmultiomicsproject/live/synapse_mirror/Genetically_stratified_cohorts/TREM2/Transcriptomics/snRNAseq_cortical_tissue/GliaEnriched/Raw_FASTQ/BBN_9939_SSC_GEN_S1_L001_R1_001.fastq.gz,/rds/general/project/ukdrmultiomicsproject/live/synapse_mirror/Genetically_stratified_cohorts/TREM2/Transcriptomics/snRNAseq_cortical_tissue/GliaEnriched/Raw_FASTQ/BBN_9939_SSC_GEN_S1_L001_R2_001.fastq.gz,syn53165787
/rds/general/project/ukdrmultiomicsproject/live/synapse_mirror/Genetically_stratified_cohorts/TREM2/Transcriptomics/snRNAseq_cortical_tissue/GliaEnriched/Raw_FASTQ/BBN_18399_EC_GEN_S1_L001_R1_001.fastq.gz,/rds/general/project/ukdrmultiomicsproject/live/synapse_mirror/Genetically_stratified_cohorts/TREM2/Transcriptomics/snRNAseq_cortical_tissue/GliaEnriched/Raw_FASTQ/BBN_18399_EC_GEN_S1_L001_R2_001.fastq.gz,syn53165787
/rds/general/project/ukdrmultiomicsproject/live/synapse_mirror/Genetically_stratified_cohorts/TREM2/Transcriptomics/snRNAseq_cortical_tissue/GliaEnriched/Raw_FASTQ/BBN_24578_EC_GEN_S1_L001_R1_001.fastq.gz,/rds/general/project/ukdrmultiomicsproject/live/synapse_mirror/Genetically_stratified_cohorts/TREM2/Transcriptomics/snRNAseq_cortical_tissue/GliaEnriched/Raw_FASTQ/BBN_24578_EC_GEN_S1_L001_R2_001.fastq.gz,syn53165787
/rds/general/project/ukdrmultiomicsproject/live/synapse_mirror/Genetically_stratified_cohorts/TREM2/Transcriptomics/snRNAseq_cortical_tissue/GliaEnriched/Raw_FASTQ/BBN_9939_EC_GEN_S1_L001_R1_001.fastq.gz,/rds/general/project/ukdrmultiomicsproject/live/synapse_mirror/Genetically_stratified_cohorts/TREM2/Transcriptomics/snRNAseq_cortical_tissue/GliaEnriched/Raw_FASTQ/BBN_9939_EC_GEN_S1_L001_R2_001.fastq.gz,syn53165787
/rds/general/project/ukdrmultiomicsproject/live/synapse_mirror/Genetically_stratified_cohorts/TREM2/Transcriptomics/snRNAseq_cortical_tissue/GliaEnriched/Raw_FASTQ/BBN002_29089_SSC_GEN_S1_L001_R1_001.fastq.gz,/rds/general/project/ukdrmultiomicsproject/live/synapse_mirror/Genetically_stratified_cohorts/TREM2/Transcriptomics/snRNAseq_cortical_tissue/GliaEnriched/Raw_FASTQ/BBN002_29089_SSC_GEN_S1_L001_R2_001.fastq.gz,syn53165787
/rds/general/project/ukdrmultiomicsproject/live/synapse_mirror/Genetically_stratified_cohorts/TREM2/Transcriptomics/snRNAseq_cortical_tissue/GliaEnriched/Raw_FASTQ/BBN002_29089_EC_GEN_S1_L001_R1_001.fastq.gz,/rds/general/project/ukdrmultiomicsproject/live/synapse_mirror/Genetically_stratified_cohorts/TREM2/Transcriptomics/snRNAseq_cortical_tissue/GliaEnriched/Raw_FASTQ/BBN002_29089_EC_GEN_S1_L001_R2_001.fastq.gz,syn53165787
/rds/general/project/ukdrmultiomicsproject/live/synapse_mirror/Genetically_stratified_cohorts/TREM2/Transcriptomics/snRNAseq_cortical_tissue/GliaEnriched/Raw_FASTQ/BBN_13802_EC_GEN_S1_L001_R1_001.fastq.gz,/rds/general/project/ukdrmultiomicsproject/live/synapse_mirror/Genetically_stratified_cohorts/TREM2/Transcriptomics/snRNAseq_cortical_tissue/GliaEnriched/Raw_FASTQ/BBN_13802_EC_GEN_S1_L001_R2_001.fastq.gz,syn53165787
/rds/general/project/ukdrmultiomicsproject/live/synapse_mirror/Genetically_stratified_cohorts/TREM2/Transcriptomics/snRNAseq_cortical_tissue/GliaEnriched/Raw_FASTQ/BBN_9984_SSC_GEN_S1_L001_R1_001.fastq.gz,/rds/general/project/ukdrmultiomicsproject/live/synapse_mirror/Genetically_stratified_cohorts/TREM2/Transcriptomics/snRNAseq_cortical_tissue/GliaEnriched/Raw_FASTQ/BBN_9984_SSC_GEN_S1_L001_R2_001.fastq.gz,syn53165787
/rds/general/project/ukdrmultiomicsproject/live/synapse_mirror/Genetically_stratified_cohorts/TREM2/Transcriptomics/snRNAseq_cortical_tissue/GliaEnriched/Raw_FASTQ/BBN_9984_EC_GEN_S1_L001_R1_001.fastq.gz,/rds/general/project/ukdrmultiomicsproject/live/synapse_mirror/Genetically_stratified_cohorts/TREM2/Transcriptomics/snRNAseq_cortical_tissue/GliaEnriched/Raw_FASTQ/BBN_9984_EC_GEN_S1_L001_R2_001.fastq.gz,syn53165787
/rds/general/project/ukdrmultiomicsproject/live/synapse_mirror/Genetically_stratified_cohorts/TREM2/Transcriptomics/snRNAseq_cortical_tissue/GliaEnriched/Raw_FASTQ/BBN_13802_SSC_GEN_S1_L001_R1_001.fastq.gz,/rds/general/project/ukdrmultiomicsproject/live/synapse_mirror/Genetically_stratified_cohorts/TREM2/Transcriptomics/snRNAseq_cortical_tissue/GliaEnriched/Raw_FASTQ/BBN_13802_SSC_GEN_S1_L001_R2_001.fastq.gz,syn53165787
/rds/general/project/ukdrmultiomicsproject/live/synapse_mirror/Genetically_stratified_cohorts/TREM2/Transcriptomics/snRNAseq_cortical_tissue/GliaEnriched/Raw_FASTQ/BBN_10099_EC_GEN_S1_L001_R1_001.fastq.gz,/rds/general/project/ukdrmultiomicsproject/live/synapse_mirror/Genetically_stratified_cohorts/TREM2/Transcriptomics/snRNAseq_cortical_tissue/GliaEnriched/Raw_FASTQ/BBN_10099_EC_GEN_S1_L001_R2_001.fastq.gz,syn53165787
/rds/general/project/ukdrmultiomicsproject/live/synapse_mirror/Genetically_stratified_cohorts/TREM2/Transcriptomics/snRNAseq_cortical_tissue/GliaEnriched/Raw_FASTQ/BBN_10099_SSC_GEN_S1_L001_R1_001.fastq.gz,/rds/general/project/ukdrmultiomicsproject/live/synapse_mirror/Genetically_stratified_cohorts/TREM2/Transcriptomics/snRNAseq_cortical_tissue/GliaEnriched/Raw_FASTQ/BBN_10099_SSC_GEN_S1_L001_R2_001.fastq.gz,syn53165787
/rds/general/project/ukdrmultiomicsproject/live/synapse_mirror/Genetically_stratified_cohorts/TREM2/Transcriptomics/snRNAseq_cortical_tissue/GliaEnriched/Raw_FASTQ/BBN_10109_EC_GEN_S1_L001_R1_001.fastq.gz,/rds/general/project/ukdrmultiomicsproject/live/synapse_mirror/Genetically_stratified_cohorts/TREM2/Transcriptomics/snRNAseq_cortical_tissue/GliaEnriched/Raw_FASTQ/BBN_10109_EC_GEN_S1_L001_R2_001.fastq.gz,syn53165787
/rds/general/project/ukdrmultiomicsproject/live/synapse_mirror/Genetically_stratified_cohorts/TREM2/Transcriptomics/snRNAseq_cortical_tissue/GliaEnriched/Raw_FASTQ/BBN_10109_SSC_GEN_S1_L001_R1_001.fastq.gz,/rds/general/project/ukdrmultiomicsproject/live/synapse_mirror/Genetically_stratified_cohorts/TREM2/Transcriptomics/snRNAseq_cortical_tissue/GliaEnriched/Raw_FASTQ/BBN_10109_SSC_GEN_S1_L001_R2_001.fastq.gz,syn53165787
/rds/general/project/ukdrmultiomicsproject/live/synapse_mirror/Genetically_stratified_cohorts/TREM2/Transcriptomics/snRNAseq_cortical_tissue/TotalPopulation/Raw_FASTQ/BBN_16213_SSC_UNS_S1_L001_R1_001.fastq.gz,/rds/general/project/ukdrmultiomicsproject/live/synapse_mirror/Genetically_stratified_cohorts/TREM2/Transcriptomics/snRNAseq_cortical_tissue/TotalPopulation/Raw_FASTQ/BBN_16213_SSC_UNS_S1_L001_R2_001.fastq.gz,syn53165789
/rds/general/project/ukdrmultiomicsproject/live/synapse_mirror/Genetically_stratified_cohorts/TREM2/Transcriptomics/snRNAseq_cortical_tissue/TotalPopulation/Raw_FASTQ/BBN_18399_SSC_UNS_S1_L001_R1_001.fastq.gz,/rds/general/project/ukdrmultiomicsproject/live/synapse_mirror/Genetically_stratified_cohorts/TREM2/Transcriptomics/snRNAseq_cortical_tissue/TotalPopulation/Raw_FASTQ/BBN_18399_SSC_UNS_S1_L001_R2_001.fastq.gz,syn53165789
/rds/general/project/ukdrmultiomicsproject/live/synapse_mirror/Genetically_stratified_cohorts/TREM2/Transcriptomics/snRNAseq_cortical_tissue/TotalPopulation/Raw_FASTQ/BBN_24370_SSC_UNS_S1_L001_R1_001.fastq.gz,/rds/general/project/ukdrmultiomicsproject/live/synapse_mirror/Genetically_stratified_cohorts/TREM2/Transcriptomics/snRNAseq_cortical_tissue/TotalPopulation/Raw_FASTQ/BBN_24370_SSC_UNS_S1_L001_R2_001.fastq.gz,syn53165789
/rds/general/project/ukdrmultiomicsproject/live/synapse_mirror/Genetically_stratified_cohorts/TREM2/Transcriptomics/snRNAseq_cortical_tissue/TotalPopulation/Raw_FASTQ/BBN_21792_SSC_UNS_S1_L001_R1_001.fastq.gz,/rds/general/project/ukdrmultiomicsproject/live/synapse_mirror/Genetically_stratified_cohorts/TREM2/Transcriptomics/snRNAseq_cortical_tissue/TotalPopulation/Raw_FASTQ/BBN_21792_SSC_UNS_S1_L001_R2_001.fastq.gz,syn53165789
/rds/general/project/ukdrmultiomicsproject/live/synapse_mirror/Genetically_stratified_cohorts/TREM2/Transcriptomics/snRNAseq_cortical_tissue/TotalPopulation/Raw_FASTQ/BBN002_30127_SSC_UNS_S1_L001_R1_001.fastq.gz,/rds/general/project/ukdrmultiomicsproject/live/synapse_mirror/Genetically_stratified_cohorts/TREM2/Transcriptomics/snRNAseq_cortical_tissue/TotalPopulation/Raw_FASTQ/BBN002_30127_SSC_UNS_S1_L001_R2_001.fastq.gz,syn53165789
/rds/general/project/ukdrmultiomicsproject/live/synapse_mirror/Genetically_stratified_cohorts/TREM2/Transcriptomics/snRNAseq_cortical_tissue/TotalPopulation/Raw_FASTQ/BBN_24578_SSC_UNS_S1_L001_R1_001.fastq.gz,/rds/general/project/ukdrmultiomicsproject/live/synapse_mirror/Genetically_stratified_cohorts/TREM2/Transcriptomics/snRNAseq_cortical_tissue/TotalPopulation/Raw_FASTQ/BBN_24578_SSC_UNS_S1_L001_R2_001.fastq.gz,syn53165789
/rds/general/project/ukdrmultiomicsproject/live/synapse_mirror/Genetically_stratified_cohorts/TREM2/Transcriptomics/snRNAseq_cortical_tissue/TotalPopulation/Raw_FASTQ/BBN_9939_SSC_UNS_S1_L001_R1_001.fastq.gz,/rds/general/project/ukdrmultiomicsproject/live/synapse_mirror/Genetically_stratified_cohorts/TREM2/Transcriptomics/snRNAseq_cortical_tissue/TotalPopulation/Raw_FASTQ/BBN_9939_SSC_UNS_S1_L001_R2_001.fastq.gz,syn53165789
/rds/general/project/ukdrmultiomicsproject/live/synapse_mirror/Genetically_stratified_cohorts/TREM2/Transcriptomics/snRNAseq_cortical_tissue/TotalPopulation/Raw_FASTQ/BBN002_29089_SSC_UNS_S1_L001_R1_001.fastq.gz,/rds/general/project/ukdrmultiomicsproject/live/synapse_mirror/Genetically_stratified_cohorts/TREM2/Transcriptomics/snRNAseq_cortical_tissue/TotalPopulation/Raw_FASTQ/BBN002_29089_SSC_UNS_S1_L001_R2_001.fastq.gz,syn53165789
/rds/general/project/ukdrmultiomicsproject/live/synapse_mirror/Genetically_stratified_cohorts/TREM2/Transcriptomics/snRNAseq_cortical_tissue/TotalPopulation/Raw_FASTQ/BBN_9984_SSC_UNS_S1_L001_R1_001.fastq.gz,/rds/general/project/ukdrmultiomicsproject/live/synapse_mirror/Genetically_stratified_cohorts/TREM2/Transcriptomics/snRNAseq_cortical_tissue/TotalPopulation/Raw_FASTQ/BBN_9984_SSC_UNS_S1_L001_R2_001.fastq.gz,syn53165789
/rds/general/project/ukdrmultiomicsproject/live/synapse_mirror/Genetically_stratified_cohorts/TREM2/Transcriptomics/snRNAseq_cortical_tissue/TotalPopulation/Raw_FASTQ/BBN_13802_SSC_UNS_S1_L001_R1_001.fastq.gz,/rds/general/project/ukdrmultiomicsproject/live/synapse_mirror/Genetically_stratified_cohorts/TREM2/Transcriptomics/snRNAseq_cortical_tissue/TotalPopulation/Raw_FASTQ/BBN_13802_SSC_UNS_S1_L001_R2_001.fastq.gz,syn53165789
/rds/general/project/ukdrmultiomicsproject/live/synapse_mirror/Genetically_stratified_cohorts/TREM2/Transcriptomics/snRNAseq_cortical_tissue/TotalPopulation/Raw_FASTQ/BBN_10099_SSC_UNS_S1_L001_R1_001.fastq.gz,/rds/general/project/ukdrmultiomicsproject/live/synapse_mirror/Genetically_stratified_cohorts/TREM2/Transcriptomics/snRNAseq_cortical_tissue/TotalPopulation/Raw_FASTQ/BBN_10099_SSC_UNS_S1_L001_R2_001.fastq.gz,syn53165789
/rds/general/project/ukdrmultiomicsproject/live/synapse_mirror/Genetically_stratified_cohorts/TREM2/Transcriptomics/snRNAseq_cortical_tissue/TotalPopulation/Raw_FASTQ/BBN_10109_SSC_UNS_S1_L001_R1_001.fastq.gz,/rds/general/project/ukdrmultiomicsproject/live/synapse_mirror/Genetically_stratified_cohorts/TREM2/Transcriptomics/snRNAseq_cortical_tissue/TotalPopulation/Raw_FASTQ/BBN_10109_SSC_UNS_S1_L001_R2_001.fastq.gz,syn53165789
/rds/general/project/ukdrmultiomicsproject/live/synapse_mirror/Genetically_stratified_cohorts/TREM2/Transcriptomics/snRNAseq_cortical_tissue/TotalPopulation/Raw_FASTQ/BBN_10611_SSC_UNS_S1_L001_R1_001.fastq.gz,/rds/general/project/ukdrmultiomicsproject/live/synapse_mirror/Genetically_stratified_cohorts/TREM2/Transcriptomics/snRNAseq_cortical_tissue/TotalPopulation/Raw_FASTQ/BBN_10611_SSC_UNS_S1_L001_R2_001.fastq.gz,syn53165789
/rds/general/project/ukdrmultiomicsproject/live/synapse_mirror/Genetically_stratified_cohorts/TREM2/Transcriptomics/snRNAseq_cortical_tissue/TotalPopulation/Raw_FASTQ/BBN_21005_SSC_UNS_S1_L001_R1_001.fastq.gz,/rds/general/project/ukdrmultiomicsproject/live/synapse_mirror/Genetically_stratified_cohorts/TREM2/Transcriptomics/snRNAseq_cortical_tissue/TotalPopulation/Raw_FASTQ/BBN_21005_SSC_UNS_S1_L001_R2_001.fastq.gz,syn53165789
/rds/general/project/ukdrmultiomicsproject/live/synapse_mirror/Genetically_stratified_cohorts/TREM2/Transcriptomics/snRNAseq_cortical_tissue/TotalPopulation/Raw_FASTQ/BBN002_30035_SSC_UNS_S1_L001_R1_001.fastq.gz,/rds/general/project/ukdrmultiomicsproject/live/synapse_mirror/Genetically_stratified_cohorts/TREM2/Transcriptomics/snRNAseq_cortical_tissue/TotalPopulation/Raw_FASTQ/BBN002_30035_SSC_UNS_S1_L001_R2_001.fastq.gz,syn53165789
/rds/general/project/ukdrmultiomicsproject/live/synapse_mirror/Genetically_stratified_cohorts/TREM2/Transcriptomics/snRNAseq_cortical_tissue/TotalPopulation/Raw_FASTQ/BBN_18813_SSC_UNS_S1_L001_R1_001.fastq.gz,/rds/general/project/ukdrmultiomicsproject/live/synapse_mirror/Genetically_stratified_cohorts/TREM2/Transcriptomics/snRNAseq_cortical_tissue/TotalPopulation/Raw_FASTQ/BBN_18813_SSC_UNS_S1_L001_R2_001.fastq.gz,syn53165789
/rds/general/project/ukdrmultiomicsproject/live/synapse_mirror/Genetically_stratified_cohorts/TREM2/Transcriptomics/snRNAseq_cortical_tissue/TotalPopulation/Raw_FASTQ/BBN002_29170_SSC_UNS_S1_L001_R1_001.fastq.gz,/rds/general/project/ukdrmultiomicsproject/live/synapse_mirror/Genetically_stratified_cohorts/TREM2/Transcriptomics/snRNAseq_cortical_tissue/TotalPopulation/Raw_FASTQ/BBN002_29170_SSC_UNS_S1_L001_R2_001.fastq.gz,syn53165789
/rds/general/project/ukdrmultiomicsproject/live/synapse_mirror/Genetically_stratified_cohorts/TREM2/Transcriptomics/snRNAseq_cortical_tissue/TotalPopulation/Raw_FASTQ/BBN002_26094_SSC_UNS_S1_L001_R1_001.fastq.gz,/rds/general/project/ukdrmultiomicsproject/live/synapse_mirror/Genetically_stratified_cohorts/TREM2/Transcriptomics/snRNAseq_cortical_tissue/TotalPopulation/Raw_FASTQ/BBN002_26094_SSC_UNS_S1_L001_R2_001.fastq.gz,syn53165789
/rds/general/project/ukdrmultiomicsproject/live/synapse_mirror/Genetically_stratified_cohorts/TREM2/Transcriptomics/snRNAseq_cortical_tissue/GliaEnriched/Raw_FASTQ/BBN003_32261_SSC_GEN_S1_L001_R1_001.fastq.gz,/rds/general/project/ukdrmultiomicsproject/live/synapse_mirror/Genetically_stratified_cohorts/TREM2/Transcriptomics/snRNAseq_cortical_tissue/GliaEnriched/Raw_FASTQ/BBN003_32261_SSC_GEN_S1_L001_R2_001.fastq.gz,syn53165787
/rds/general/project/ukdrmultiomicsproject/live/synapse_mirror/Genetically_stratified_cohorts/TREM2/Transcriptomics/snRNAseq_cortical_tissue/GliaEnriched/Raw_FASTQ/BBN_13802_MTG_GEN_S1_L001_R1_001.fastq.gz,/rds/general/project/ukdrmultiomicsproject/live/synapse_mirror/Genetically_stratified_cohorts/TREM2/Transcriptomics/snRNAseq_cortical_tissue/GliaEnriched/Raw_FASTQ/BBN_13802_MTG_GEN_S1_L001_R2_001.fastq.gz,syn53165787
/rds/general/project/ukdrmultiomicsproject/live/synapse_mirror/Genetically_stratified_cohorts/TREM2/Transcriptomics/snRNAseq_cortical_tissue/GliaEnriched/Raw_FASTQ/BBN003_32261_MTG_GEN_S1_L001_R1_001.fastq.gz,/rds/general/project/ukdrmultiomicsproject/live/synapse_mirror/Genetically_stratified_cohorts/TREM2/Transcriptomics/snRNAseq_cortical_tissue/GliaEnriched/Raw_FASTQ/BBN003_32261_MTG_GEN_S1_L001_R2_001.fastq.gz,syn53165787
/rds/general/project/ukdrmultiomicsproject/live/synapse_mirror/Genetically_stratified_cohorts/TREM2/Transcriptomics/snRNAseq_cortical_tissue/GliaEnriched/Raw_FASTQ/BBN_9779_MTG_GEN_S1_L001_R1_001.fastq.gz,/rds/general/project/ukdrmultiomicsproject/live/synapse_mirror/Genetically_stratified_cohorts/TREM2/Transcriptomics/snRNAseq_cortical_tissue/GliaEnriched/Raw_FASTQ/BBN_9779_MTG_GEN_S1_L001_R2_001.fastq.gz,syn53165787
/rds/general/project/ukdrmultiomicsproject/live/synapse_mirror/Genetically_stratified_cohorts/TREM2/Transcriptomics/snRNAseq_cortical_tissue/GliaEnriched/Raw_FASTQ/BBN003_32209_EC_GEN_S1_L001_R1_001.fastq.gz,/rds/general/project/ukdrmultiomicsproject/live/synapse_mirror/Genetically_stratified_cohorts/TREM2/Transcriptomics/snRNAseq_cortical_tissue/GliaEnriched/Raw_FASTQ/BBN003_32209_EC_GEN_S1_L001_R2_001.fastq.gz,syn53165787
/rds/general/project/ukdrmultiomicsproject/live/synapse_mirror/Genetically_stratified_cohorts/TREM2/Transcriptomics/snRNAseq_cortical_tissue/GliaEnriched/Raw_FASTQ/BBN003_32184_EC_GEN_S1_L001_R1_001.fastq.gz,/rds/general/project/ukdrmultiomicsproject/live/synapse_mirror/Genetically_stratified_cohorts/TREM2/Transcriptomics/snRNAseq_cortical_tissue/GliaEnriched/Raw_FASTQ/BBN003_32184_EC_GEN_S1_L001_R2_001.fastq.gz,syn53165787
/rds/general/project/ukdrmultiomicsproject/live/synapse_mirror/Genetically_stratified_cohorts/TREM2/Transcriptomics/snRNAseq_cortical_tissue/GliaEnriched/Raw_FASTQ/BBN_7540_MTG_GEN_S1_L001_R1_001.fastq.gz,/rds/general/project/ukdrmultiomicsproject/live/synapse_mirror/Genetically_stratified_cohorts/TREM2/Transcriptomics/snRNAseq_cortical_tissue/GliaEnriched/Raw_FASTQ/BBN_7540_MTG_GEN_S1_L001_R2_001.fastq.gz,syn53165787
/rds/general/project/ukdrmultiomicsproject/live/synapse_mirror/Genetically_stratified_cohorts/TREM2/Transcriptomics/snRNAseq_cortical_tissue/GliaEnriched/Raw_FASTQ/BBN005_29520_MTG_GEN_S1_L001_R1_001.fastq.gz,/rds/general/project/ukdrmultiomicsproject/live/synapse_mirror/Genetically_stratified_cohorts/TREM2/Transcriptomics/snRNAseq_cortical_tissue/GliaEnriched/Raw_FASTQ/BBN005_29520_MTG_GEN_S1_L001_R2_001.fastq.gz,syn53165787
/rds/general/project/ukdrmultiomicsproject/live/synapse_mirror/Genetically_stratified_cohorts/TREM2/Transcriptomics/snRNAseq_cortical_tissue/GliaEnriched/Raw_FASTQ/BBN003_32181_MTG_GEN_S1_L001_R1_001.fastq.gz,/rds/general/project/ukdrmultiomicsproject/live/synapse_mirror/Genetically_stratified_cohorts/TREM2/Transcriptomics/snRNAseq_cortical_tissue/GliaEnriched/Raw_FASTQ/BBN003_32181_MTG_GEN_S1_L001_R2_001.fastq.gz,syn53165787
/rds/general/project/ukdrmultiomicsproject/live/synapse_mirror/Genetically_stratified_cohorts/TREM2/Transcriptomics/snRNAseq_cortical_tissue/GliaEnriched/Raw_FASTQ/BBN003_32209_MTG_GEN_S1_L001_R1_001.fastq.gz,/rds/general/project/ukdrmultiomicsproject/live/synapse_mirror/Genetically_stratified_cohorts/TREM2/Transcriptomics/snRNAseq_cortical_tissue/GliaEnriched/Raw_FASTQ/BBN003_32209_MTG_GEN_S1_L001_R2_001.fastq.gz,syn53165787
/rds/general/project/ukdrmultiomicsproject/live/synapse_mirror/Genetically_stratified_cohorts/TREM2/Transcriptomics/snRNAseq_cortical_tissue/GliaEnriched/Raw_FASTQ/BBN003_32211_MTG_GEN_S1_L001_R1_001.fastq.gz,/rds/general/project/ukdrmultiomicsproject/live/synapse_mirror/Genetically_stratified_cohorts/TREM2/Transcriptomics/snRNAseq_cortical_tissue/GliaEnriched/Raw_FASTQ/BBN003_32211_MTG_GEN_S1_L001_R2_001.fastq.gz,syn53165787
/rds/general/project/ukdrmultiomicsproject/live/synapse_mirror/Genetically_stratified_cohorts/TREM2/Transcriptomics/snRNAseq_cortical_tissue/GliaEnriched/Raw_FASTQ/BBN_4575_MTG_GEN_S1_L001_R1_001.fastq.gz,/rds/general/project/ukdrmultiomicsproject/live/synapse_mirror/Genetically_stratified_cohorts/TREM2/Transcriptomics/snRNAseq_cortical_tissue/GliaEnriched/Raw_FASTQ/BBN_4575_MTG_GEN_S1_L001_R2_001.fastq.gz,syn53165787
/rds/general/project/ukdrmultiomicsproject/live/synapse_mirror/Genetically_stratified_cohorts/TREM2/Transcriptomics/snRNAseq_cortical_tissue/GliaEnriched/Raw_FASTQ/BBN_9786_SSC_GEN_S1_L001_R1_001.fastq.gz,/rds/general/project/ukdrmultiomicsproject/live/synapse_mirror/Genetically_stratified_cohorts/TREM2/Transcriptomics/snRNAseq_cortical_tissue/GliaEnriched/Raw_FASTQ/BBN_9786_SSC_GEN_S1_L001_R2_001.fastq.gz,syn53165787
/rds/general/project/ukdrmultiomicsproject/live/synapse_mirror/Genetically_stratified_cohorts/TREM2/Transcriptomics/snRNAseq_cortical_tissue/GliaEnriched/Raw_FASTQ/BBN_11804_MTG_GEN_S1_L001_R1_001.fastq.gz,/rds/general/project/ukdrmultiomicsproject/live/synapse_mirror/Genetically_stratified_cohorts/TREM2/Transcriptomics/snRNAseq_cortical_tissue/GliaEnriched/Raw_FASTQ/BBN_11804_MTG_GEN_S1_L001_R2_001.fastq.gz,syn53165787
/rds/general/project/ukdrmultiomicsproject/live/synapse_mirror/Genetically_stratified_cohorts/TREM2/Transcriptomics/snRNAseq_cortical_tissue/GliaEnriched/Raw_FASTQ/BBN_24610_SSC_GEN_S1_L001_R1_001.fastq.gz,/rds/general/project/ukdrmultiomicsproject/live/synapse_mirror/Genetically_stratified_cohorts/TREM2/Transcriptomics/snRNAseq_cortical_tissue/GliaEnriched/Raw_FASTQ/BBN_24610_SSC_GEN_S1_L001_R2_001.fastq.gz,syn53165787
/rds/general/project/ukdrmultiomicsproject/live/synapse_mirror/Genetically_stratified_cohorts/TREM2/Transcriptomics/snRNAseq_cortical_tissue/GliaEnriched/Raw_FASTQ/BBN_9953_MTG_GEN_S1_L001_R1_001.fastq.gz,/rds/general/project/ukdrmultiomicsproject/live/synapse_mirror/Genetically_stratified_cohorts/TREM2/Transcriptomics/snRNAseq_cortical_tissue/GliaEnriched/Raw_FASTQ/BBN_9953_MTG_GEN_S1_L001_R2_001.fastq.gz,syn53165787
/rds/general/project/ukdrmultiomicsproject/live/synapse_mirror/Genetically_stratified_cohorts/TREM2/Transcriptomics/snRNAseq_cortical_tissue/GliaEnriched/Raw_FASTQ/BBN_9727_SSC_GEN_S1_L001_R1_001.fastq.gz,/rds/general/project/ukdrmultiomicsproject/live/synapse_mirror/Genetically_stratified_cohorts/TREM2/Transcriptomics/snRNAseq_cortical_tissue/GliaEnriched/Raw_FASTQ/BBN_9727_SSC_GEN_S1_L001_R2_001.fastq.gz,syn53165787
/rds/general/project/ukdrmultiomicsproject/live/synapse_mirror/Genetically_stratified_cohorts/TREM2/Transcriptomics/snRNAseq_cortical_tissue/GliaEnriched/Raw_FASTQ/BBN_9796_SSC_GEN_S1_L001_R1_001.fastq.gz,/rds/general/project/ukdrmultiomicsproject/live/synapse_mirror/Genetically_stratified_cohorts/TREM2/Transcriptomics/snRNAseq_cortical_tissue/GliaEnriched/Raw_FASTQ/BBN_9796_SSC_GEN_S1_L001_R2_001.fastq.gz,syn53165787
/rds/general/project/ukdrmultiomicsproject/live/synapse_mirror/Genetically_stratified_cohorts/TREM2/Transcriptomics/snRNAseq_cortical_tissue/GliaEnriched/Raw_FASTQ/BBN003_32211_SSC_GEN_S1_L001_R1_001.fastq.gz,/rds/general/project/ukdrmultiomicsproject/live/synapse_mirror/Genetically_stratified_cohorts/TREM2/Transcriptomics/snRNAseq_cortical_tissue/GliaEnriched/Raw_FASTQ/BBN003_32211_SSC_GEN_S1_L001_R2_001.fastq.gz,syn53165787
/rds/general/project/ukdrmultiomicsproject/live/synapse_mirror/Genetically_stratified_cohorts/TREM2/Transcriptomics/snRNAseq_cortical_tissue/GliaEnriched/Raw_FASTQ/BBN003_32247_MTG_GEN_S1_L001_R1_001.fastq.gz,/rds/general/project/ukdrmultiomicsproject/live/synapse_mirror/Genetically_stratified_cohorts/TREM2/Transcriptomics/snRNAseq_cortical_tissue/GliaEnriched/Raw_FASTQ/BBN003_32247_MTG_GEN_S1_L001_R2_001.fastq.gz,syn53165787
/rds/general/project/ukdrmultiomicsproject/live/synapse_mirror/Genetically_stratified_cohorts/TREM2/Transcriptomics/snRNAseq_cortical_tissue/GliaEnriched/Raw_FASTQ/BBN003_32194_SSC_GEN_S1_L001_R1_001.fastq.gz,/rds/general/project/ukdrmultiomicsproject/live/synapse_mirror/Genetically_stratified_cohorts/TREM2/Transcriptomics/snRNAseq_cortical_tissue/GliaEnriched/Raw_FASTQ/BBN003_32194_SSC_GEN_S1_L001_R2_001.fastq.gz,syn53165787
/rds/general/project/ukdrmultiomicsproject/live/synapse_mirror/Genetically_stratified_cohorts/TREM2/Transcriptomics/snRNAseq_cortical_tissue/GliaEnriched/Raw_FASTQ/BBN_15201_SSC_GEN_S1_L001_R1_001.fastq.gz,/rds/general/project/ukdrmultiomicsproject/live/synapse_mirror/Genetically_stratified_cohorts/TREM2/Transcriptomics/snRNAseq_cortical_tissue/GliaEnriched/Raw_FASTQ/BBN_15201_SSC_GEN_S1_L001_R2_001.fastq.gz,syn53165787
/rds/general/project/ukdrmultiomicsproject/live/synapse_mirror/Genetically_stratified_cohorts/TREM2/Transcriptomics/snRNAseq_cortical_tissue/GliaEnriched/Raw_FASTQ/BBN_14795_SSC_GEN_S1_L001_R1_001.fastq.gz,/rds/general/project/ukdrmultiomicsproject/live/synapse_mirror/Genetically_stratified_cohorts/TREM2/Transcriptomics/snRNAseq_cortical_tissue/GliaEnriched/Raw_FASTQ/BBN_14795_SSC_GEN_S1_L001_R2_001.fastq.gz,syn53165787
/rds/general/project/ukdrmultiomicsproject/live/synapse_mirror/Genetically_stratified_cohorts/TREM2/Transcriptomics/snRNAseq_cortical_tissue/GliaEnriched/Raw_FASTQ/BBN003_32184_SSC_GEN_S1_L001_R1_001.fastq.gz,/rds/general/project/ukdrmultiomicsproject/live/synapse_mirror/Genetically_stratified_cohorts/TREM2/Transcriptomics/snRNAseq_cortical_tissue/GliaEnriched/Raw_FASTQ/BBN003_32184_SSC_GEN_S1_L001_R2_001.fastq.gz,syn53165787
/rds/general/project/ukdrmultiomicsproject/live/synapse_mirror/Genetically_stratified_cohorts/TREM2/Transcriptomics/snRNAseq_cortical_tissue/GliaEnriched/Raw_FASTQ/BBN003_32247_SSC_GEN_S1_L001_R1_001.fastq.gz,/rds/general/project/ukdrmultiomicsproject/live/synapse_mirror/Genetically_stratified_cohorts/TREM2/Transcriptomics/snRNAseq_cortical_tissue/GliaEnriched/Raw_FASTQ/BBN003_32247_SSC_GEN_S1_L001_R2_001.fastq.gz,syn53165787
/rds/general/project/ukdrmultiomicsproject/live/synapse_mirror/Genetically_stratified_cohorts/TREM2/Transcriptomics/snRNAseq_cortical_tissue/GliaEnriched/Raw_FASTQ/BBN003_32181_SSC_GEN_S1_L001_R1_001.fastq.gz,/rds/general/project/ukdrmultiomicsproject/live/synapse_mirror/Genetically_stratified_cohorts/TREM2/Transcriptomics/snRNAseq_cortical_tissue/GliaEnriched/Raw_FASTQ/BBN003_32181_SSC_GEN_S1_L001_R2_001.fastq.gz,syn53165787
/rds/general/project/ukdrmultiomicsproject/live/synapse_mirror/Genetically_stratified_cohorts/TREM2/Transcriptomics/snRNAseq_cortical_tissue/GliaEnriched/Raw_FASTQ/BBN003_32185_SSC_GEN_S1_L001_R1_001.fastq.gz,/rds/general/project/ukdrmultiomicsproject/live/synapse_mirror/Genetically_stratified_cohorts/TREM2/Transcriptomics/snRNAseq_cortical_tissue/GliaEnriched/Raw_FASTQ/BBN003_32185_SSC_GEN_S1_L001_R2_001.fastq.gz,syn53165787
/rds/general/project/ukdrmultiomicsproject/live/synapse_mirror/Genetically_stratified_cohorts/TREM2/Transcriptomics/snRNAseq_cortical_tissue/TotalPopulation/Raw_FASTQ/BBN003_32185_SSC_UNS_S1_L001_R1_001.fastq.gz,/rds/general/project/ukdrmultiomicsproject/live/synapse_mirror/Genetically_stratified_cohorts/TREM2/Transcriptomics/snRNAseq_cortical_tissue/TotalPopulation/Raw_FASTQ/BBN003_32185_SSC_UNS_S1_L001_R2_001.fastq.gz,syn53165789
/rds/general/project/ukdrmultiomicsproject/live/synapse_mirror/Genetically_stratified_cohorts/TREM2/Transcriptomics/snRNAseq_cortical_tissue/TotalPopulation/Raw_FASTQ/BBN003_34161_MTG_UNS_S1_L001_R1_001.fastq.gz,/rds/general/project/ukdrmultiomicsproject/live/synapse_mirror/Genetically_stratified_cohorts/TREM2/Transcriptomics/snRNAseq_cortical_tissue/TotalPopulation/Raw_FASTQ/BBN003_34161_MTG_UNS_S1_L001_R2_001.fastq.gz,syn53165789
/rds/general/project/ukdrmultiomicsproject/live/synapse_mirror/Genetically_stratified_cohorts/TREM2/Transcriptomics/snRNAseq_cortical_tissue/GliaEnriched/Raw_FASTQ/BBN003_34161_MTG_GEN_S1_L001_R1_001.fastq.gz,/rds/general/project/ukdrmultiomicsproject/live/synapse_mirror/Genetically_stratified_cohorts/TREM2/Transcriptomics/snRNAseq_cortical_tissue/GliaEnriched/Raw_FASTQ/BBN003_34161_MTG_GEN_S1_L001_R2_001.fastq.gz,syn53165787
/rds/general/project/ukdrmultiomicsproject/live/synapse_mirror/Genetically_stratified_cohorts/TREM2/Transcriptomics/snRNAseq_cortical_tissue/TotalPopulation/Raw_FASTQ/BBN003_32295_SSC_UNS_S1_L001_R1_001.fastq.gz,/rds/general/project/ukdrmultiomicsproject/live/synapse_mirror/Genetically_stratified_cohorts/TREM2/Transcriptomics/snRNAseq_cortical_tissue/TotalPopulation/Raw_FASTQ/BBN003_32295_SSC_UNS_S1_L001_R2_001.fastq.gz,syn53165789
/rds/general/project/ukdrmultiomicsproject/live/synapse_mirror/Genetically_stratified_cohorts/TREM2/Transcriptomics/snRNAseq_cortical_tissue/GliaEnriched/Raw_FASTQ/BBN003_32295_SSC_GEN_S1_L001_R1_001.fastq.gz,/rds/general/project/ukdrmultiomicsproject/live/synapse_mirror/Genetically_stratified_cohorts/TREM2/Transcriptomics/snRNAseq_cortical_tissue/GliaEnriched/Raw_FASTQ/BBN003_32295_SSC_GEN_S1_L001_R2_001.fastq.gz,syn53165787
/rds/general/project/ukdrmultiomicsproject/live/synapse_mirror/Genetically_stratified_cohorts/TREM2/Transcriptomics/snRNAseq_cortical_tissue/TotalPopulation/Raw_FASTQ/BBN003_28342_MTG_UNS_S1_L001_R1_001.fastq.gz,/rds/general/project/ukdrmultiomicsproject/live/synapse_mirror/Genetically_stratified_cohorts/TREM2/Transcriptomics/snRNAseq_cortical_tissue/TotalPopulation/Raw_FASTQ/BBN003_28342_MTG_UNS_S1_L001_R2_001.fastq.gz,syn53165789
/rds/general/project/ukdrmultiomicsproject/live/synapse_mirror/Genetically_stratified_cohorts/TREM2/Transcriptomics/snRNAseq_cortical_tissue/GliaEnriched/Raw_FASTQ/BBN003_28342_MTG_GEN_S1_L001_R1_001.fastq.gz,/rds/general/project/ukdrmultiomicsproject/live/synapse_mirror/Genetically_stratified_cohorts/TREM2/Transcriptomics/snRNAseq_cortical_tissue/GliaEnriched/Raw_FASTQ/BBN003_28342_MTG_GEN_S1_L001_R2_001.fastq.gz,syn53165787
/rds/general/project/ukdrmultiomicsproject/live/synapse_mirror/Genetically_stratified_cohorts/TREM2/Transcriptomics/snRNAseq_cortical_tissue/TotalPopulation/Raw_FASTQ/BBN_7403_MTG_UNS_S1_L001_R1_001.fastq.gz,/rds/general/project/ukdrmultiomicsproject/live/synapse_mirror/Genetically_stratified_cohorts/TREM2/Transcriptomics/snRNAseq_cortical_tissue/TotalPopulation/Raw_FASTQ/BBN_7403_MTG_UNS_S1_L001_R2_001.fastq.gz,syn53165789
/rds/general/project/ukdrmultiomicsproject/live/synapse_mirror/Genetically_stratified_cohorts/TREM2/Transcriptomics/snRNAseq_cortical_tissue/GliaEnriched/Raw_FASTQ/BBN_7403_MTG_GEN_S1_L001_R1_001.fastq.gz,/rds/general/project/ukdrmultiomicsproject/live/synapse_mirror/Genetically_stratified_cohorts/TREM2/Transcriptomics/snRNAseq_cortical_tissue/GliaEnriched/Raw_FASTQ/BBN_7403_MTG_GEN_S1_L001_R2_001.fastq.gz,syn53165787
/rds/general/project/ukdrmultiomicsproject/live/synapse_mirror/Genetically_stratified_cohorts/TREM2/Transcriptomics/snRNAseq_cortical_tissue/GliaEnriched/Raw_FASTQ/BBN003_26941_SSC_GEN_S1_L001_R1_001.fastq.gz,/rds/general/project/ukdrmultiomicsproject/live/synapse_mirror/Genetically_stratified_cohorts/TREM2/Transcriptomics/snRNAseq_cortical_tissue/GliaEnriched/Raw_FASTQ/BBN003_26941_SSC_GEN_S1_L001_R2_001.fastq.gz,syn53165787
/rds/general/project/ukdrmultiomicsproject/live/synapse_mirror/Genetically_stratified_cohorts/TREM2/Transcriptomics/snRNAseq_cortical_tissue/TotalPopulation/Raw_FASTQ/BBN003_26941_SSC_UNS_S1_L001_R1_001.fastq.gz,/rds/general/project/ukdrmultiomicsproject/live/synapse_mirror/Genetically_stratified_cohorts/TREM2/Transcriptomics/snRNAseq_cortical_tissue/TotalPopulation/Raw_FASTQ/BBN003_26941_SSC_UNS_S1_L001_R2_001.fastq.gz,syn53165789
/rds/general/project/ukdrmultiomicsproject/live/synapse_mirror/Genetically_stratified_cohorts/TREM2/Transcriptomics/snRNAseq_cortical_tissue/TotalPopulation/Raw_FASTQ/BBN003_32228_SSC_UNS_S1_L001_R1_001.fastq.gz,/rds/general/project/ukdrmultiomicsproject/live/synapse_mirror/Genetically_stratified_cohorts/TREM2/Transcriptomics/snRNAseq_cortical_tissue/TotalPopulation/Raw_FASTQ/BBN003_32228_SSC_UNS_S1_L001_R2_001.fastq.gz,syn53165789
/rds/general/project/ukdrmultiomicsproject/live/synapse_mirror/Genetically_stratified_cohorts/TREM2/Transcriptomics/snRNAseq_cortical_tissue/GliaEnriched/Raw_FASTQ/BBN003_32228_SSC_GEN_S1_L001_R1_001.fastq.gz,/rds/general/project/ukdrmultiomicsproject/live/synapse_mirror/Genetically_stratified_cohorts/TREM2/Transcriptomics/snRNAseq_cortical_tissue/GliaEnriched/Raw_FASTQ/BBN003_32228_SSC_GEN_S1_L001_R2_001.fastq.gz,syn53165787
/rds/general/project/ukdrmultiomicsproject/live/synapse_mirror/Genetically_stratified_cohorts/TREM2/Transcriptomics/snRNAseq_cortical_tissue/TotalPopulation/Raw_FASTQ/BBN_24279_MTG_UNS_S1_L001_R1_001.fastq.gz,/rds/general/project/ukdrmultiomicsproject/live/synapse_mirror/Genetically_stratified_cohorts/TREM2/Transcriptomics/snRNAseq_cortical_tissue/TotalPopulation/Raw_FASTQ/BBN_24279_MTG_UNS_S1_L001_R2_001.fastq.gz,syn53165789
/rds/general/project/ukdrmultiomicsproject/live/synapse_mirror/Genetically_stratified_cohorts/TREM2/Transcriptomics/snRNAseq_cortical_tissue/GliaEnriched/Raw_FASTQ/BBN_24279_MTG_GEN_S1_L001_R1_001.fastq.gz,/rds/general/project/ukdrmultiomicsproject/live/synapse_mirror/Genetically_stratified_cohorts/TREM2/Transcriptomics/snRNAseq_cortical_tissue/GliaEnriched/Raw_FASTQ/BBN_24279_MTG_GEN_S1_L001_R2_001.fastq.gz,syn53165787
/rds/general/project/ukdrmultiomicsproject/live/synapse_mirror/Genetically_stratified_cohorts/TREM2/Transcriptomics/snRNAseq_cortical_tissue/TotalPopulation/Raw_FASTQ/BBN_7545_SSC_UNS_S1_L001_R1_001.fastq.gz,/rds/general/project/ukdrmultiomicsproject/live/synapse_mirror/Genetically_stratified_cohorts/TREM2/Transcriptomics/snRNAseq_cortical_tissue/TotalPopulation/Raw_FASTQ/BBN_7545_SSC_UNS_S1_L001_R2_001.fastq.gz,syn53165789
/rds/general/project/ukdrmultiomicsproject/live/synapse_mirror/Genetically_stratified_cohorts/TREM2/Transcriptomics/snRNAseq_cortical_tissue/GliaEnriched/Raw_FASTQ/BBN_7545_SSC_GEN_S1_L001_R1_001.fastq.gz,/rds/general/project/ukdrmultiomicsproject/live/synapse_mirror/Genetically_stratified_cohorts/TREM2/Transcriptomics/snRNAseq_cortical_tissue/GliaEnriched/Raw_FASTQ/BBN_7545_SSC_GEN_S1_L001_R2_001.fastq.gz,syn53165787
/rds/general/project/ukdrmultiomicsproject/live/synapse_mirror/Genetically_stratified_cohorts/TREM2/Transcriptomics/snRNAseq_cortical_tissue/TotalPopulation/Raw_FASTQ/BBN003_32196_SSC_UNS_S1_L001_R1_001.fastq.gz,/rds/general/project/ukdrmultiomicsproject/live/synapse_mirror/Genetically_stratified_cohorts/TREM2/Transcriptomics/snRNAseq_cortical_tissue/TotalPopulation/Raw_FASTQ/BBN003_32196_SSC_UNS_S1_L001_R2_001.fastq.gz,syn53165789
/rds/general/project/ukdrmultiomicsproject/live/synapse_mirror/Genetically_stratified_cohorts/TREM2/Transcriptomics/snRNAseq_cortical_tissue/GliaEnriched/Raw_FASTQ/BBN003_32196_SSC_GEN_S1_L001_R1_001.fastq.gz,/rds/general/project/ukdrmultiomicsproject/live/synapse_mirror/Genetically_stratified_cohorts/TREM2/Transcriptomics/snRNAseq_cortical_tissue/GliaEnriched/Raw_FASTQ/BBN003_32196_SSC_GEN_S1_L001_R2_001.fastq.gz,syn53165787
/rds/general/project/ukdrmultiomicsproject/live/synapse_mirror/Genetically_stratified_cohorts/TREM2/Transcriptomics/snRNAseq_cortical_tissue/TotalPopulation/Raw_FASTQ/BBN_7404_MTG_UNS_S1_L001_R1_001.fastq.gz,/rds/general/project/ukdrmultiomicsproject/live/synapse_mirror/Genetically_stratified_cohorts/TREM2/Transcriptomics/snRNAseq_cortical_tissue/TotalPopulation/Raw_FASTQ/BBN_7404_MTG_UNS_S1_L001_R2_001.fastq.gz,syn53165789
/rds/general/project/ukdrmultiomicsproject/live/synapse_mirror/Genetically_stratified_cohorts/TREM2/Transcriptomics/snRNAseq_cortical_tissue/GliaEnriched/Raw_FASTQ/BBN_7404_MTG_GEN_S1_L001_R1_001.fastq.gz,/rds/general/project/ukdrmultiomicsproject/live/synapse_mirror/Genetically_stratified_cohorts/TREM2/Transcriptomics/snRNAseq_cortical_tissue/GliaEnriched/Raw_FASTQ/BBN_7404_MTG_GEN_S1_L001_R2_001.fastq.gz,syn53165787
/rds/general/project/ukdrmultiomicsproject/live/synapse_mirror/Genetically_stratified_cohorts/TREM2/Transcriptomics/snRNAseq_cortical_tissue/TotalPopulation/Raw_FASTQ/BBN003_32201_SSC_UNS_S1_L001_R1_001.fastq.gz,/rds/general/project/ukdrmultiomicsproject/live/synapse_mirror/Genetically_stratified_cohorts/TREM2/Transcriptomics/snRNAseq_cortical_tissue/TotalPopulation/Raw_FASTQ/BBN003_32201_SSC_UNS_S1_L001_R2_001.fastq.gz,syn53165789
/rds/general/project/ukdrmultiomicsproject/live/synapse_mirror/Genetically_stratified_cohorts/TREM2/Transcriptomics/snRNAseq_cortical_tissue/GliaEnriched/Raw_FASTQ/BBN003_32201_SSC_GEN_S1_L001_R1_001.fastq.gz,/rds/general/project/ukdrmultiomicsproject/live/synapse_mirror/Genetically_stratified_cohorts/TREM2/Transcriptomics/snRNAseq_cortical_tissue/GliaEnriched/Raw_FASTQ/BBN003_32201_SSC_GEN_S1_L001_R2_001.fastq.gz,syn53165787
/rds/general/project/ukdrmultiomicsproject/live/synapse_mirror/Genetically_stratified_cohorts/TREM2/Transcriptomics/snRNAseq_cortical_tissue/TotalPopulation/Raw_FASTQ/BBN003_32235_SSC_UNS_S1_L001_R1_001.fastq.gz,/rds/general/project/ukdrmultiomicsproject/live/synapse_mirror/Genetically_stratified_cohorts/TREM2/Transcriptomics/snRNAseq_cortical_tissue/TotalPopulation/Raw_FASTQ/BBN003_32235_SSC_UNS_S1_L001_R2_001.fastq.gz,syn53165789
/rds/general/project/ukdrmultiomicsproject/live/synapse_mirror/Genetically_stratified_cohorts/TREM2/Transcriptomics/snRNAseq_cortical_tissue/GliaEnriched/Raw_FASTQ/BBN003_32235_SSC_GEN_S1_L001_R1_001.fastq.gz,/rds/general/project/ukdrmultiomicsproject/live/synapse_mirror/Genetically_stratified_cohorts/TREM2/Transcriptomics/snRNAseq_cortical_tissue/GliaEnriched/Raw_FASTQ/BBN003_32235_SSC_GEN_S1_L001_R2_001.fastq.gz,syn53165787
/rds/general/project/ukdrmultiomicsproject/live/synapse_mirror/Genetically_stratified_cohorts/TREM2/Transcriptomics/snRNAseq_cortical_tissue/GliaEnriched/Raw_FASTQ/BBN003_32295_MTG_GEN_S1_L001_R1_001.fastq.gz,/rds/general/project/ukdrmultiomicsproject/live/synapse_mirror/Genetically_stratified_cohorts/TREM2/Transcriptomics/snRNAseq_cortical_tissue/GliaEnriched/Raw_FASTQ/BBN003_32295_MTG_GEN_S1_L001_R2_001.fastq.gz,syn53165787
/rds/general/project/ukdrmultiomicsproject/live/synapse_mirror/Genetically_stratified_cohorts/TREM2/Transcriptomics/snRNAseq_cortical_tissue/TotalPopulation/Raw_FASTQ/BBN003_32295_MTG_UNS_S1_L001_R1_001.fastq.gz,/rds/general/project/ukdrmultiomicsproject/live/synapse_mirror/Genetically_stratified_cohorts/TREM2/Transcriptomics/snRNAseq_cortical_tissue/TotalPopulation/Raw_FASTQ/BBN003_32295_MTG_UNS_S1_L001_R2_001.fastq.gz,syn53165789
/rds/general/project/ukdrmultiomicsproject/live/synapse_mirror/Genetically_stratified_cohorts/TREM2/Transcriptomics/snRNAseq_cortical_tissue/TotalPopulation/Raw_FASTQ/BBN003_26333_SSC_UNS_S1_L001_R1_001.fastq.gz,/rds/general/project/ukdrmultiomicsproject/live/synapse_mirror/Genetically_stratified_cohorts/TREM2/Transcriptomics/snRNAseq_cortical_tissue/TotalPopulation/Raw_FASTQ/BBN003_26333_SSC_UNS_S1_L001_R2_001.fastq.gz,syn53165789
/rds/general/project/ukdrmultiomicsproject/live/synapse_mirror/Genetically_stratified_cohorts/TREM2/Transcriptomics/snRNAseq_cortical_tissue/GliaEnriched/Raw_FASTQ/BBN003_26333_SSC_GEN_S1_L001_R1_001.fastq.gz,/rds/general/project/ukdrmultiomicsproject/live/synapse_mirror/Genetically_stratified_cohorts/TREM2/Transcriptomics/snRNAseq_cortical_tissue/GliaEnriched/Raw_FASTQ/BBN003_26333_SSC_GEN_S1_L001_R2_001.fastq.gz,syn53165787
/rds/general/project/ukdrmultiomicsproject/live/synapse_mirror/Genetically_stratified_cohorts/TREM2/Transcriptomics/snRNAseq_cortical_tissue/GliaEnriched/Raw_FASTQ/BBN003_28342_SSC_GEN_S1_L001_R1_001.fastq.gz,/rds/general/project/ukdrmultiomicsproject/live/synapse_mirror/Genetically_stratified_cohorts/TREM2/Transcriptomics/snRNAseq_cortical_tissue/GliaEnriched/Raw_FASTQ/BBN003_28342_SSC_GEN_S1_L001_R2_001.fastq.gz,syn53165787
/rds/general/project/ukdrmultiomicsproject/live/synapse_mirror/Genetically_stratified_cohorts/TREM2/Transcriptomics/snRNAseq_cortical_tissue/TotalPopulation/Raw_FASTQ/BBN003_28342_SSC_UNS_S1_L001_R1_001.fastq.gz,/rds/general/project/ukdrmultiomicsproject/live/synapse_mirror/Genetically_stratified_cohorts/TREM2/Transcriptomics/snRNAseq_cortical_tissue/TotalPopulation/Raw_FASTQ/BBN003_28342_SSC_UNS_S1_L001_R2_001.fastq.gz,syn53165789
/rds/general/project/ukdrmultiomicsproject/live/synapse_mirror/Genetically_stratified_cohorts/TREM2/Transcriptomics/snRNAseq_cortical_tissue/TotalPopulation/Raw_FASTQ/BBN_7545_MTG_UNS_S1_L001_R1_001.fastq.gz,/rds/general/project/ukdrmultiomicsproject/live/synapse_mirror/Genetically_stratified_cohorts/TREM2/Transcriptomics/snRNAseq_cortical_tissue/TotalPopulation/Raw_FASTQ/BBN_7545_MTG_UNS_S1_L001_R2_001.fastq.gz,syn53165789
/rds/general/project/ukdrmultiomicsproject/live/synapse_mirror/Genetically_stratified_cohorts/TREM2/Transcriptomics/snRNAseq_cortical_tissue/GliaEnriched/Raw_FASTQ/BBN_7545_MTG_GEN_S1_L001_R1_001.fastq.gz,/rds/general/project/ukdrmultiomicsproject/live/synapse_mirror/Genetically_stratified_cohorts/TREM2/Transcriptomics/snRNAseq_cortical_tissue/GliaEnriched/Raw_FASTQ/BBN_7545_MTG_GEN_S1_L001_R2_001.fastq.gz,syn53165787
/rds/general/project/ukdrmultiomicsproject/live/synapse_mirror/Genetically_stratified_cohorts/TREM2/Transcriptomics/snRNAseq_cortical_tissue/GliaEnriched/Raw_FASTQ/BBN_24279_SSC_GEN_S1_L001_R1_001.fastq.gz,/rds/general/project/ukdrmultiomicsproject/live/synapse_mirror/Genetically_stratified_cohorts/TREM2/Transcriptomics/snRNAseq_cortical_tissue/GliaEnriched/Raw_FASTQ/BBN_24279_SSC_GEN_S1_L001_R2_001.fastq.gz,syn53165787
/rds/general/project/ukdrmultiomicsproject/live/synapse_mirror/Genetically_stratified_cohorts/TREM2/Transcriptomics/snRNAseq_cortical_tissue/TotalPopulation/Raw_FASTQ/BBN_7115_MTG_UNS_S1_L001_R1_001.fastq.gz,/rds/general/project/ukdrmultiomicsproject/live/synapse_mirror/Genetically_stratified_cohorts/TREM2/Transcriptomics/snRNAseq_cortical_tissue/TotalPopulation/Raw_FASTQ/BBN_7115_MTG_UNS_S1_L001_R2_001.fastq.gz,syn53165789
/rds/general/project/ukdrmultiomicsproject/live/synapse_mirror/Genetically_stratified_cohorts/TREM2/Transcriptomics/snRNAseq_cortical_tissue/TotalPopulation/Raw_FASTQ/BBN_14801_SSC_UNS_S1_L001_R1_001.fastq.gz,/rds/general/project/ukdrmultiomicsproject/live/synapse_mirror/Genetically_stratified_cohorts/TREM2/Transcriptomics/snRNAseq_cortical_tissue/TotalPopulation/Raw_FASTQ/BBN_14801_SSC_UNS_S1_L001_R2_001.fastq.gz,syn53165789
/rds/general/project/ukdrmultiomicsproject/live/synapse_mirror/Genetically_stratified_cohorts/TREM2/Transcriptomics/snRNAseq_cortical_tissue/GliaEnriched/Raw_FASTQ/BBN_14801_SSC_GEN_S1_L001_R1_001.fastq.gz,/rds/general/project/ukdrmultiomicsproject/live/synapse_mirror/Genetically_stratified_cohorts/TREM2/Transcriptomics/snRNAseq_cortical_tissue/GliaEnriched/Raw_FASTQ/BBN_14801_SSC_GEN_S1_L001_R2_001.fastq.gz,syn53165787
/rds/general/project/ukdrmultiomicsproject/live/synapse_mirror/Genetically_stratified_cohorts/TREM2/Transcriptomics/snRNAseq_cortical_tissue/TotalPopulation/Raw_FASTQ/BBN_7115_SSC_UNS_S1_L001_R1_001.fastq.gz,/rds/general/project/ukdrmultiomicsproject/live/synapse_mirror/Genetically_stratified_cohorts/TREM2/Transcriptomics/snRNAseq_cortical_tissue/TotalPopulation/Raw_FASTQ/BBN_7115_SSC_UNS_S1_L001_R2_001.fastq.gz,syn53165789
/rds/general/project/ukdrmultiomicsproject/live/synapse_mirror/Genetically_stratified_cohorts/TREM2/Transcriptomics/snRNAseq_cortical_tissue/GliaEnriched/Raw_FASTQ/BBN_7115_SSC_GEN_S1_L001_R1_001.fastq.gz,/rds/general/project/ukdrmultiomicsproject/live/synapse_mirror/Genetically_stratified_cohorts/TREM2/Transcriptomics/snRNAseq_cortical_tissue/GliaEnriched/Raw_FASTQ/BBN_7115_SSC_GEN_S1_L001_R2_001.fastq.gz,syn53165787
/rds/general/project/ukdrmultiomicsproject/live/synapse_mirror/Genetically_stratified_cohorts/TREM2/Transcriptomics/snRNAseq_cortical_tissue/TotalPopulation/Raw_FASTQ/BBN_7404_SSC_UNS_S1_L001_R1_001.fastq.gz,/rds/general/project/ukdrmultiomicsproject/live/synapse_mirror/Genetically_stratified_cohorts/TREM2/Transcriptomics/snRNAseq_cortical_tissue/TotalPopulation/Raw_FASTQ/BBN_7404_SSC_UNS_S1_L001_R2_001.fastq.gz,syn53165789
/rds/general/project/ukdrmultiomicsproject/live/synapse_mirror/Genetically_stratified_cohorts/TREM2/Transcriptomics/snRNAseq_cortical_tissue/GliaEnriched/Raw_FASTQ/BBN_7404_SSC_GEN_S1_L001_R1_001.fastq.gz,/rds/general/project/ukdrmultiomicsproject/live/synapse_mirror/Genetically_stratified_cohorts/TREM2/Transcriptomics/snRNAseq_cortical_tissue/GliaEnriched/Raw_FASTQ/BBN_7404_SSC_GEN_S1_L001_R2_001.fastq.gz,syn53165787
/rds/general/project/ukdrmultiomicsproject/live/synapse_mirror/Genetically_stratified_cohorts/TREM2/Transcriptomics/snRNAseq_cortical_tissue/TotalPopulation/Raw_FASTQ/BBN_14801_MTG_UNS_S1_L001_R1_001.fastq.gz,/rds/general/project/ukdrmultiomicsproject/live/synapse_mirror/Genetically_stratified_cohorts/TREM2/Transcriptomics/snRNAseq_cortical_tissue/TotalPopulation/Raw_FASTQ/BBN_14801_MTG_UNS_S1_L001_R2_001.fastq.gz,syn53165789
/rds/general/project/ukdrmultiomicsproject/live/synapse_mirror/Genetically_stratified_cohorts/TREM2/Transcriptomics/snRNAseq_cortical_tissue/GliaEnriched/Raw_FASTQ/BBN_14801_MTG_GEN_S1_L001_R1_001.fastq.gz,/rds/general/project/ukdrmultiomicsproject/live/synapse_mirror/Genetically_stratified_cohorts/TREM2/Transcriptomics/snRNAseq_cortical_tissue/GliaEnriched/Raw_FASTQ/BBN_14801_MTG_GEN_S1_L001_R2_001.fastq.gz,syn53165787
/rds/general/project/ukdrmultiomicsproject/live/synapse_mirror/Genetically_stratified_cohorts/TREM2/Transcriptomics/snRNAseq_cortical_tissue/TotalPopulation/Raw_FASTQ/BBN_19214_MTG_UNS_S1_L001_R1_001.fastq.gz,/rds/general/project/ukdrmultiomicsproject/live/synapse_mirror/Genetically_stratified_cohorts/TREM2/Transcriptomics/snRNAseq_cortical_tissue/TotalPopulation/Raw_FASTQ/BBN_19214_MTG_UNS_S1_L001_R2_001.fastq.gz,syn53165789
/rds/general/project/ukdrmultiomicsproject/live/synapse_mirror/Genetically_stratified_cohorts/TREM2/Transcriptomics/snRNAseq_cortical_tissue/GliaEnriched/Raw_FASTQ/BBN_19214_MTG_GEN_S1_L001_R1_001.fastq.gz,/rds/general/project/ukdrmultiomicsproject/live/synapse_mirror/Genetically_stratified_cohorts/TREM2/Transcriptomics/snRNAseq_cortical_tissue/GliaEnriched/Raw_FASTQ/BBN_19214_MTG_GEN_S1_L001_R2_001.fastq.gz,syn53165787
/rds/general/project/ukdrmultiomicsproject/live/synapse_mirror/Genetically_stratified_cohorts/TREM2/Transcriptomics/snRNAseq_cortical_tissue/TotalPopulation/Raw_FASTQ/BBN_7403_SSC_UNS_S1_L001_R1_001.fastq.gz,/rds/general/project/ukdrmultiomicsproject/live/synapse_mirror/Genetically_stratified_cohorts/TREM2/Transcriptomics/snRNAseq_cortical_tissue/TotalPopulation/Raw_FASTQ/BBN_7403_SSC_UNS_S1_L001_R2_001.fastq.gz,syn53165789
/rds/general/project/ukdrmultiomicsproject/live/synapse_mirror/Genetically_stratified_cohorts/TREM2/Transcriptomics/snRNAseq_cortical_tissue/GliaEnriched/Raw_FASTQ/BBN_7403_SSC_GEN_S1_L001_R1_001.fastq.gz,/rds/general/project/ukdrmultiomicsproject/live/synapse_mirror/Genetically_stratified_cohorts/TREM2/Transcriptomics/snRNAseq_cortical_tissue/GliaEnriched/Raw_FASTQ/BBN_7403_SSC_GEN_S1_L001_R2_001.fastq.gz,syn53165787
/rds/general/project/ukdrmultiomicsproject/live/synapse_mirror/Genetically_stratified_cohorts/TREM2/Transcriptomics/snRNAseq_cortical_tissue/TotalPopulation/Raw_FASTQ/BBN003_33729_SSC_UNS_S1_L001_R1_001.fastq.gz,/rds/general/project/ukdrmultiomicsproject/live/synapse_mirror/Genetically_stratified_cohorts/TREM2/Transcriptomics/snRNAseq_cortical_tissue/TotalPopulation/Raw_FASTQ/BBN003_33729_SSC_UNS_S1_L001_R2_001.fastq.gz,syn53165789
/rds/general/project/ukdrmultiomicsproject/live/synapse_mirror/Genetically_stratified_cohorts/TREM2/Transcriptomics/snRNAseq_cortical_tissue/GliaEnriched/Raw_FASTQ/BBN003_33729_SSC_GEN_S1_L001_R1_001.fastq.gz,/rds/general/project/ukdrmultiomicsproject/live/synapse_mirror/Genetically_stratified_cohorts/TREM2/Transcriptomics/snRNAseq_cortical_tissue/GliaEnriched/Raw_FASTQ/BBN003_33729_SSC_GEN_S1_L001_R2_001.fastq.gz,syn53165787
/rds/general/project/ukdrmultiomicsproject/live/synapse_mirror/Genetically_stratified_cohorts/TREM2/Transcriptomics/snRNAseq_cortical_tissue/TotalPopulation/Raw_FASTQ/BBN003_26951_SSC_UNS_S1_L001_R1_001.fastq.gz,/rds/general/project/ukdrmultiomicsproject/live/synapse_mirror/Genetically_stratified_cohorts/TREM2/Transcriptomics/snRNAseq_cortical_tissue/TotalPopulation/Raw_FASTQ/BBN003_26951_SSC_UNS_S1_L001_R2_001.fastq.gz,syn53165789
/rds/general/project/ukdrmultiomicsproject/live/synapse_mirror/Genetically_stratified_cohorts/TREM2/Transcriptomics/snRNAseq_cortical_tissue/TotalPopulation/Raw_FASTQ/BBN_19214_SSC_UNS_S1_L001_R1_001.fastq.gz,/rds/general/project/ukdrmultiomicsproject/live/synapse_mirror/Genetically_stratified_cohorts/TREM2/Transcriptomics/snRNAseq_cortical_tissue/TotalPopulation/Raw_FASTQ/BBN_19214_SSC_UNS_S1_L001_R2_001.fastq.gz,syn53165789
/rds/general/project/ukdrmultiomicsproject/live/synapse_mirror/Genetically_stratified_cohorts/TREM2/Transcriptomics/snRNAseq_cortical_tissue/GliaEnriched/Raw_FASTQ/BBN_19214_SSC_GEN_S1_L001_R1_001.fastq.gz,/rds/general/project/ukdrmultiomicsproject/live/synapse_mirror/Genetically_stratified_cohorts/TREM2/Transcriptomics/snRNAseq_cortical_tissue/GliaEnriched/Raw_FASTQ/BBN_19214_SSC_GEN_S1_L001_R2_001.fastq.gz,syn53165787
/rds/general/project/ukdrmultiomicsproject/live/synapse_mirror/Genetically_stratified_cohorts/TREM2/Transcriptomics/snRNAseq_cortical_tissue/TotalPopulation/Raw_FASTQ/BBN003_32849_SSC_UNS_S1_L001_R1_001.fastq.gz,/rds/general/project/ukdrmultiomicsproject/live/synapse_mirror/Genetically_stratified_cohorts/TREM2/Transcriptomics/snRNAseq_cortical_tissue/TotalPopulation/Raw_FASTQ/BBN003_32849_SSC_UNS_S1_L001_R2_001.fastq.gz,syn53165789
/rds/general/project/ukdrmultiomicsproject/live/synapse_mirror/Genetically_stratified_cohorts/TREM2/Transcriptomics/snRNAseq_cortical_tissue/GliaEnriched/Raw_FASTQ/BBN003_32849_SSC_GEN_S1_L001_R1_001.fastq.gz,/rds/general/project/ukdrmultiomicsproject/live/synapse_mirror/Genetically_stratified_cohorts/TREM2/Transcriptomics/snRNAseq_cortical_tissue/GliaEnriched/Raw_FASTQ/BBN003_32849_SSC_GEN_S1_L001_R2_001.fastq.gz,syn53165787
/rds/general/project/ukdrmultiomicsproject/live/synapse_mirror/Genetically_stratified_cohorts/TREM2/Transcriptomics/snRNAseq_cortical_tissue/TotalPopulation/Raw_FASTQ/BBN_7617_SSC_UNS_S1_L001_R1_001.fastq.gz,/rds/general/project/ukdrmultiomicsproject/live/synapse_mirror/Genetically_stratified_cohorts/TREM2/Transcriptomics/snRNAseq_cortical_tissue/TotalPopulation/Raw_FASTQ/BBN_7617_SSC_UNS_S1_L001_R2_001.fastq.gz,syn53165789
/rds/general/project/ukdrmultiomicsproject/live/synapse_mirror/Genetically_stratified_cohorts/TREM2/Transcriptomics/snRNAseq_cortical_tissue/GliaEnriched/Raw_FASTQ/BBN_7617_SSC_GEN_S1_L001_R1_001.fastq.gz,/rds/general/project/ukdrmultiomicsproject/live/synapse_mirror/Genetically_stratified_cohorts/TREM2/Transcriptomics/snRNAseq_cortical_tissue/GliaEnriched/Raw_FASTQ/BBN_7617_SSC_GEN_S1_L001_R2_001.fastq.gz,syn53165787
/rds/general/project/ukdrmultiomicsproject/live/synapse_mirror/Genetically_stratified_cohorts/TREM2/Transcriptomics/snRNAseq_cortical_tissue/TotalPopulation/Raw_FASTQ/BBN003_34161_SSC_UNS_S1_L001_R1_001.fastq.gz,/rds/general/project/ukdrmultiomicsproject/live/synapse_mirror/Genetically_stratified_cohorts/TREM2/Transcriptomics/snRNAseq_cortical_tissue/TotalPopulation/Raw_FASTQ/BBN003_34161_SSC_UNS_S1_L001_R2_001.fastq.gz,syn53165789
/rds/general/project/ukdrmultiomicsproject/live/synapse_mirror/Genetically_stratified_cohorts/TREM2/Transcriptomics/snRNAseq_cortical_tissue/GliaEnriched/Raw_FASTQ/BBN003_34161_SSC_GEN_S1_L001_R1_001.fastq.gz,/rds/general/project/ukdrmultiomicsproject/live/synapse_mirror/Genetically_stratified_cohorts/TREM2/Transcriptomics/snRNAseq_cortical_tissue/GliaEnriched/Raw_FASTQ/BBN003_34161_SSC_GEN_S1_L001_R2_001.fastq.gz,syn53165787
/rds/general/project/ukdrmultiomicsproject/live/synapse_mirror/Genetically_stratified_cohorts/TREM2/Transcriptomics/snRNAseq_cortical_tissue/GliaEnriched/Raw_FASTQ/BBN003_26951_MTG_GEN_S1_L001_R1_001.fastq.gz,/rds/general/project/ukdrmultiomicsproject/live/synapse_mirror/Genetically_stratified_cohorts/TREM2/Transcriptomics/snRNAseq_cortical_tissue/GliaEnriched/Raw_FASTQ/BBN003_26951_MTG_GEN_S1_L001_R2_001.fastq.gz,syn53165787
/rds/general/project/ukdrmultiomicsproject/live/synapse_mirror/Genetically_stratified_cohorts/TREM2/Transcriptomics/snRNAseq_cortical_tissue/TotalPopulation/Raw_FASTQ/BBN003_26951_MTG_UNS_S1_L001_R1_001.fastq.gz,/rds/general/project/ukdrmultiomicsproject/live/synapse_mirror/Genetically_stratified_cohorts/TREM2/Transcriptomics/snRNAseq_cortical_tissue/TotalPopulation/Raw_FASTQ/BBN003_26951_MTG_UNS_S1_L001_R2_001.fastq.gz,syn53165789
/rds/general/project/ukdrmultiomicsproject/live/synapse_mirror/Genetically_stratified_cohorts/TREM2/Transcriptomics/snRNAseq_cortical_tissue/GliaEnriched/Raw_FASTQ/BBN_7540_SSC_GEN_S1_L001_R1_001.fastq.gz,/rds/general/project/ukdrmultiomicsproject/live/synapse_mirror/Genetically_stratified_cohorts/TREM2/Transcriptomics/snRNAseq_cortical_tissue/GliaEnriched/Raw_FASTQ/BBN_7540_SSC_GEN_S1_L001_R2_001.fastq.gz,syn53165787
/rds/general/project/ukdrmultiomicsproject/live/synapse_mirror/Genetically_stratified_cohorts/TREM2/Transcriptomics/snRNAseq_cortical_tissue/GliaEnriched/Raw_FASTQ/BBN003_32205_SSC_GEN_S1_L001_R1_001.fastq.gz,/rds/general/project/ukdrmultiomicsproject/live/synapse_mirror/Genetically_stratified_cohorts/TREM2/Transcriptomics/snRNAseq_cortical_tissue/GliaEnriched/Raw_FASTQ/BBN003_32205_SSC_GEN_S1_L001_R2_001.fastq.gz,syn53165787
/rds/general/project/ukdrmultiomicsproject/live/synapse_mirror/Genetically_stratified_cohorts/TREM2/Transcriptomics/snRNAseq_cortical_tissue/GliaEnriched/Raw_FASTQ/BBN_24330_MTG_GEN_S1_L001_R1_001.fastq.gz,/rds/general/project/ukdrmultiomicsproject/live/synapse_mirror/Genetically_stratified_cohorts/TREM2/Transcriptomics/snRNAseq_cortical_tissue/GliaEnriched/Raw_FASTQ/BBN_24330_MTG_GEN_S1_L001_R2_001.fastq.gz,syn53165787
/rds/general/project/ukdrmultiomicsproject/live/synapse_mirror/Genetically_stratified_cohorts/TREM2/Transcriptomics/snRNAseq_cortical_tissue/GliaEnriched/Raw_FASTQ/BBN003_32185_MTG_GEN_S1_L001_R1_001.fastq.gz,/rds/general/project/ukdrmultiomicsproject/live/synapse_mirror/Genetically_stratified_cohorts/TREM2/Transcriptomics/snRNAseq_cortical_tissue/GliaEnriched/Raw_FASTQ/BBN003_32185_MTG_GEN_S1_L001_R2_001.fastq.gz,syn53165787
/rds/general/project/ukdrmultiomicsproject/live/synapse_mirror/Genetically_stratified_cohorts/TREM2/Transcriptomics/snRNAseq_cortical_tissue/GliaEnriched/Raw_FASTQ/BBN003_32212_MTG_GEN_S1_L001_R1_001.fastq.gz,/rds/general/project/ukdrmultiomicsproject/live/synapse_mirror/Genetically_stratified_cohorts/TREM2/Transcriptomics/snRNAseq_cortical_tissue/GliaEnriched/Raw_FASTQ/BBN003_32212_MTG_GEN_S1_L001_R2_001.fastq.gz,syn53165787
/rds/general/project/ukdrmultiomicsproject/live/synapse_mirror/Genetically_stratified_cohorts/TREM2/Transcriptomics/snRNAseq_cortical_tissue/GliaEnriched/Raw_FASTQ/BBN003_32196_MTG_GEN_S1_L001_R1_001.fastq.gz,/rds/general/project/ukdrmultiomicsproject/live/synapse_mirror/Genetically_stratified_cohorts/TREM2/Transcriptomics/snRNAseq_cortical_tissue/GliaEnriched/Raw_FASTQ/BBN003_32196_MTG_GEN_S1_L001_R2_001.fastq.gz,syn53165787
/rds/general/project/ukdrmultiomicsproject/live/synapse_mirror/Genetically_stratified_cohorts/TREM2/Transcriptomics/snRNAseq_cortical_tissue/GliaEnriched/Raw_FASTQ/BBN_9786_MTG_GEN_S1_L001_R1_001.fastq.gz,/rds/general/project/ukdrmultiomicsproject/live/synapse_mirror/Genetically_stratified_cohorts/TREM2/Transcriptomics/snRNAseq_cortical_tissue/GliaEnriched/Raw_FASTQ/BBN_9786_MTG_GEN_S1_L001_R2_001.fastq.gz,syn53165787
/rds/general/project/ukdrmultiomicsproject/live/synapse_mirror/Genetically_stratified_cohorts/TREM2/Transcriptomics/snRNAseq_cortical_tissue/GliaEnriched/Raw_FASTQ/BBN003_32235_MTG_GEN_S1_L001_R1_001.fastq.gz,/rds/general/project/ukdrmultiomicsproject/live/synapse_mirror/Genetically_stratified_cohorts/TREM2/Transcriptomics/snRNAseq_cortical_tissue/GliaEnriched/Raw_FASTQ/BBN003_32235_MTG_GEN_S1_L001_R2_001.fastq.gz,syn53165787
/rds/general/project/ukdrmultiomicsproject/live/synapse_mirror/Genetically_stratified_cohorts/TREM2/Transcriptomics/snRNAseq_cortical_tissue/GliaEnriched/Raw_FASTQ/BBN_7519_MTG_GEN_S1_L001_R1_001.fastq.gz,/rds/general/project/ukdrmultiomicsproject/live/synapse_mirror/Genetically_stratified_cohorts/TREM2/Transcriptomics/snRNAseq_cortical_tissue/GliaEnriched/Raw_FASTQ/BBN_7519_MTG_GEN_S1_L001_R2_001.fastq.gz,syn53165787
/rds/general/project/ukdrmultiomicsproject/live/synapse_mirror/Genetically_stratified_cohorts/TREM2/Transcriptomics/snRNAseq_cortical_tissue/GliaEnriched/Raw_FASTQ/BBN003_32205_MTG_GEN_S1_L001_R1_001.fastq.gz,/rds/general/project/ukdrmultiomicsproject/live/synapse_mirror/Genetically_stratified_cohorts/TREM2/Transcriptomics/snRNAseq_cortical_tissue/GliaEnriched/Raw_FASTQ/BBN003_32205_MTG_GEN_S1_L001_R2_001.fastq.gz,syn53165787
/rds/general/project/ukdrmultiomicsproject/live/synapse_mirror/Genetically_stratified_cohorts/TREM2/Transcriptomics/snRNAseq_cortical_tissue/GliaEnriched/Raw_FASTQ/BBN_11449_MTG_GEN_S1_L001_R1_001.fastq.gz,/rds/general/project/ukdrmultiomicsproject/live/synapse_mirror/Genetically_stratified_cohorts/TREM2/Transcriptomics/snRNAseq_cortical_tissue/GliaEnriched/Raw_FASTQ/BBN_11449_MTG_GEN_S1_L001_R2_001.fastq.gz,syn53165787
/rds/general/project/ukdrmultiomicsproject/live/synapse_mirror/Genetically_stratified_cohorts/TREM2/Transcriptomics/snRNAseq_cortical_tissue/GliaEnriched/Raw_FASTQ/BBN003_32227_MTG_GEN_S1_L001_R1_001.fastq.gz,/rds/general/project/ukdrmultiomicsproject/live/synapse_mirror/Genetically_stratified_cohorts/TREM2/Transcriptomics/snRNAseq_cortical_tissue/GliaEnriched/Raw_FASTQ/BBN003_32227_MTG_GEN_S1_L001_R2_001.fastq.gz,syn53165787
/rds/general/project/ukdrmultiomicsproject/live/synapse_mirror/Genetically_stratified_cohorts/TREM2/Transcriptomics/snRNAseq_cortical_tissue/GliaEnriched/Raw_FASTQ/BBN003_32228_MTG_GEN_S1_L001_R1_001.fastq.gz,/rds/general/project/ukdrmultiomicsproject/live/synapse_mirror/Genetically_stratified_cohorts/TREM2/Transcriptomics/snRNAseq_cortical_tissue/GliaEnriched/Raw_FASTQ/BBN003_32228_MTG_GEN_S1_L001_R2_001.fastq.gz,syn53165787
/rds/general/project/ukdrmultiomicsproject/live/synapse_mirror/Genetically_stratified_cohorts/TREM2/Transcriptomics/snRNAseq_cortical_tissue/GliaEnriched/Raw_FASTQ/BBN003_33729_MTG_GEN_S1_L001_R1_001.fastq.gz,/rds/general/project/ukdrmultiomicsproject/live/synapse_mirror/Genetically_stratified_cohorts/TREM2/Transcriptomics/snRNAseq_cortical_tissue/GliaEnriched/Raw_FASTQ/BBN003_33729_MTG_GEN_S1_L001_R2_001.fastq.gz,syn53165787
/rds/general/project/ukdrmultiomicsproject/live/synapse_mirror/Genetically_stratified_cohorts/TREM2/Transcriptomics/snRNAseq_cortical_tissue/GliaEnriched/Raw_FASTQ/BBN_9796_MTG_GEN_S1_L001_R1_001.fastq.gz,/rds/general/project/ukdrmultiomicsproject/live/synapse_mirror/Genetically_stratified_cohorts/TREM2/Transcriptomics/snRNAseq_cortical_tissue/GliaEnriched/Raw_FASTQ/BBN_9796_MTG_GEN_S1_L001_R2_001.fastq.gz,syn53165787
/rds/general/project/ukdrmultiomicsproject/live/synapse_mirror/Genetically_stratified_cohorts/TREM2/Transcriptomics/snRNAseq_cortical_tissue/GliaEnriched/Raw_FASTQ/BBN003_32212_SSC_GEN_S1_L001_R1_001.fastq.gz,/rds/general/project/ukdrmultiomicsproject/live/synapse_mirror/Genetically_stratified_cohorts/TREM2/Transcriptomics/snRNAseq_cortical_tissue/GliaEnriched/Raw_FASTQ/BBN003_32212_SSC_GEN_S1_L001_R2_001.fastq.gz,syn53165787
/rds/general/project/ukdrmultiomicsproject/live/synapse_mirror/Genetically_stratified_cohorts/TREM2/Transcriptomics/snRNAseq_cortical_tissue/GliaEnriched/Raw_FASTQ/BBN_18813_SSC_GEN_S1_L001_R1_001.fastq.gz,/rds/general/project/ukdrmultiomicsproject/live/synapse_mirror/Genetically_stratified_cohorts/TREM2/Transcriptomics/snRNAseq_cortical_tissue/GliaEnriched/Raw_FASTQ/BBN_18813_SSC_GEN_S1_L001_R2_001.fastq.gz,syn53165787
/rds/general/project/ukdrmultiomicsproject/live/synapse_mirror/Genetically_stratified_cohorts/TREM2/Transcriptomics/snRNAseq_cortical_tissue/GliaEnriched/Raw_FASTQ/BBN_10611_SSC_GEN_S1_L001_R1_001.fastq.gz,/rds/general/project/ukdrmultiomicsproject/live/synapse_mirror/Genetically_stratified_cohorts/TREM2/Transcriptomics/snRNAseq_cortical_tissue/GliaEnriched/Raw_FASTQ/BBN_10611_SSC_GEN_S1_L001_R2_001.fastq.gz,syn53165787
/rds/general/project/ukdrmultiomicsproject/live/synapse_mirror/Genetically_stratified_cohorts/TREM2/Transcriptomics/snRNAseq_cortical_tissue/GliaEnriched/Raw_FASTQ/BBN_7554_MTG_GEN_S1_L001_R1_001.fastq.gz,/rds/general/project/ukdrmultiomicsproject/live/synapse_mirror/Genetically_stratified_cohorts/TREM2/Transcriptomics/snRNAseq_cortical_tissue/GliaEnriched/Raw_FASTQ/BBN_7554_MTG_GEN_S1_L001_R2_001.fastq.gz,syn53165787
/rds/general/project/ukdrmultiomicsproject/live/synapse_mirror/Genetically_stratified_cohorts/TREM2/Transcriptomics/snRNAseq_cortical_tissue/GliaEnriched/Raw_FASTQ/BBN002_29170_SSC_GEN_S1_L001_R1_001.fastq.gz,/rds/general/project/ukdrmultiomicsproject/live/synapse_mirror/Genetically_stratified_cohorts/TREM2/Transcriptomics/snRNAseq_cortical_tissue/GliaEnriched/Raw_FASTQ/BBN002_29170_SSC_GEN_S1_L001_R2_001.fastq.gz,syn53165787
/rds/general/project/ukdrmultiomicsproject/live/synapse_mirror/Genetically_stratified_cohorts/TREM2/Transcriptomics/snRNAseq_cortical_tissue/GliaEnriched/Raw_FASTQ/BBN002_26094_MTG_GEN_S1_L001_R1_001.fastq.gz,/rds/general/project/ukdrmultiomicsproject/live/synapse_mirror/Genetically_stratified_cohorts/TREM2/Transcriptomics/snRNAseq_cortical_tissue/GliaEnriched/Raw_FASTQ/BBN002_26094_MTG_GEN_S1_L001_R2_001.fastq.gz,syn53165787
/rds/general/project/ukdrmultiomicsproject/live/synapse_mirror/Genetically_stratified_cohorts/TREM2/Transcriptomics/snRNAseq_cortical_tissue/GliaEnriched/Raw_FASTQ/BBN_24370_MTG_GEN_S1_L001_R1_001.fastq.gz,/rds/general/project/ukdrmultiomicsproject/live/synapse_mirror/Genetically_stratified_cohorts/TREM2/Transcriptomics/snRNAseq_cortical_tissue/GliaEnriched/Raw_FASTQ/BBN_24370_MTG_GEN_S1_L001_R2_001.fastq.gz,syn53165787
/rds/general/project/ukdrmultiomicsproject/live/synapse_mirror/Genetically_stratified_cohorts/TREM2/Transcriptomics/snRNAseq_cortical_tissue/GliaEnriched/Raw_FASTQ/BBN_24330_SSC_GEN_S1_L001_R1_001.fastq.gz,/rds/general/project/ukdrmultiomicsproject/live/synapse_mirror/Genetically_stratified_cohorts/TREM2/Transcriptomics/snRNAseq_cortical_tissue/GliaEnriched/Raw_FASTQ/BBN_24330_SSC_GEN_S1_L001_R2_001.fastq.gz,syn53165787
/rds/general/project/ukdrmultiomicsproject/live/synapse_mirror/Genetically_stratified_cohorts/TREM2/Transcriptomics/snRNAseq_cortical_tissue/TotalPopulation/Raw_FASTQ/BBN_24330_SSC_UNS_S1_L001_R1_001.fastq.gz,/rds/general/project/ukdrmultiomicsproject/live/synapse_mirror/Genetically_stratified_cohorts/TREM2/Transcriptomics/snRNAseq_cortical_tissue/TotalPopulation/Raw_FASTQ/BBN_24330_SSC_UNS_S1_L001_R2_001.fastq.gz,syn53165789
/rds/general/project/ukdrmultiomicsproject/live/synapse_mirror/Genetically_stratified_cohorts/TREM2/Transcriptomics/snRNAseq_cortical_tissue/GliaEnriched/Raw_FASTQ/BBN002_26094_SSC_GEN_S1_L001_R1_001.fastq.gz,/rds/general/project/ukdrmultiomicsproject/live/synapse_mirror/Genetically_stratified_cohorts/TREM2/Transcriptomics/snRNAseq_cortical_tissue/GliaEnriched/Raw_FASTQ/BBN002_26094_SSC_GEN_S1_L001_R2_001.fastq.gz,syn53165787
/rds/general/project/ukdrmultiomicsproject/live/synapse_mirror/Genetically_stratified_cohorts/TREM2/Transcriptomics/snRNAseq_cortical_tissue/GliaEnriched/Raw_FASTQ/BBN_9939_MTG_GEN_S1_L001_R1_001.fastq.gz,/rds/general/project/ukdrmultiomicsproject/live/synapse_mirror/Genetically_stratified_cohorts/TREM2/Transcriptomics/snRNAseq_cortical_tissue/GliaEnriched/Raw_FASTQ/BBN_9939_MTG_GEN_S1_L001_R2_001.fastq.gz,syn53165787
/rds/general/project/ukdrmultiomicsproject/live/synapse_mirror/Genetically_stratified_cohorts/TREM2/Transcriptomics/snRNAseq_cortical_tissue/TotalPopulation/Raw_FASTQ/BBN_9939_MTG_UNS_S1_L001_R1_001.fastq.gz,/rds/general/project/ukdrmultiomicsproject/live/synapse_mirror/Genetically_stratified_cohorts/TREM2/Transcriptomics/snRNAseq_cortical_tissue/TotalPopulation/Raw_FASTQ/BBN_9939_MTG_UNS_S1_L001_R2_001.fastq.gz,syn53165789
/rds/general/project/ukdrmultiomicsproject/live/synapse_mirror/Genetically_stratified_cohorts/TREM2/Transcriptomics/snRNAseq_cortical_tissue/GliaEnriched/Raw_FASTQ/BBN_24610_MTG_GEN_S1_L001_R1_001.fastq.gz,/rds/general/project/ukdrmultiomicsproject/live/synapse_mirror/Genetically_stratified_cohorts/TREM2/Transcriptomics/snRNAseq_cortical_tissue/GliaEnriched/Raw_FASTQ/BBN_24610_MTG_GEN_S1_L001_R2_001.fastq.gz,syn53165787
/rds/general/project/ukdrmultiomicsproject/live/synapse_mirror/Genetically_stratified_cohorts/TREM2/Transcriptomics/snRNAseq_cortical_tissue/TotalPopulation/Raw_FASTQ/BBN_9786_MTG_UNS_S1_L001_R1_001.fastq.gz,/rds/general/project/ukdrmultiomicsproject/live/synapse_mirror/Genetically_stratified_cohorts/TREM2/Transcriptomics/snRNAseq_cortical_tissue/TotalPopulation/Raw_FASTQ/BBN_9786_MTG_UNS_S1_L001_R2_001.fastq.gz,syn53165789
/rds/general/project/ukdrmultiomicsproject/live/synapse_mirror/Genetically_stratified_cohorts/TREM2/Transcriptomics/snRNAseq_cortical_tissue/GliaEnriched/Raw_FASTQ/BBN003_32184_MTG_GEN_S1_L001_R1_001.fastq.gz,/rds/general/project/ukdrmultiomicsproject/live/synapse_mirror/Genetically_stratified_cohorts/TREM2/Transcriptomics/snRNAseq_cortical_tissue/GliaEnriched/Raw_FASTQ/BBN003_32184_MTG_GEN_S1_L001_R2_001.fastq.gz,syn53165787
/rds/general/project/ukdrmultiomicsproject/live/synapse_mirror/Genetically_stratified_cohorts/TREM2/Transcriptomics/snRNAseq_cortical_tissue/GliaEnriched/Raw_FASTQ/BBN005_29520_SSC_GEN_S1_L001_R1_001.fastq.gz,/rds/general/project/ukdrmultiomicsproject/live/synapse_mirror/Genetically_stratified_cohorts/TREM2/Transcriptomics/snRNAseq_cortical_tissue/GliaEnriched/Raw_FASTQ/BBN005_29520_SSC_GEN_S1_L001_R2_001.fastq.gz,syn53165787
/rds/general/project/ukdrmultiomicsproject/live/synapse_mirror/Genetically_stratified_cohorts/TREM2/Transcriptomics/snRNAseq_cortical_tissue/GliaEnriched/Raw_FASTQ/BBN_10611_MTG_GEN_S1_L001_R1_001.fastq.gz,/rds/general/project/ukdrmultiomicsproject/live/synapse_mirror/Genetically_stratified_cohorts/TREM2/Transcriptomics/snRNAseq_cortical_tissue/GliaEnriched/Raw_FASTQ/BBN_10611_MTG_GEN_S1_L001_R2_001.fastq.gz,syn53165787
/rds/general/project/ukdrmultiomicsproject/live/synapse_mirror/Genetically_stratified_cohorts/TREM2/Transcriptomics/snRNAseq_cortical_tissue/GliaEnriched/Raw_FASTQ/BBN_8051_MTG_GEN_S1_L001_R1_001.fastq.gz,/rds/general/project/ukdrmultiomicsproject/live/synapse_mirror/Genetically_stratified_cohorts/TREM2/Transcriptomics/snRNAseq_cortical_tissue/GliaEnriched/Raw_FASTQ/BBN_8051_MTG_GEN_S1_L001_R2_001.fastq.gz,syn53165787
/rds/general/project/ukdrmultiomicsproject/live/synapse_mirror/Genetically_stratified_cohorts/TREM2/Transcriptomics/snRNAseq_cortical_tissue/GliaEnriched/Raw_FASTQ/BBN_18399_MTG_GEN_S1_L001_R1_001.fastq.gz,/rds/general/project/ukdrmultiomicsproject/live/synapse_mirror/Genetically_stratified_cohorts/TREM2/Transcriptomics/snRNAseq_cortical_tissue/GliaEnriched/Raw_FASTQ/BBN_18399_MTG_GEN_S1_L001_R2_001.fastq.gz,syn53165787
/rds/general/project/ukdrmultiomicsproject/live/synapse_mirror/Genetically_stratified_cohorts/TREM2/Transcriptomics/snRNAseq_cortical_tissue/GliaEnriched/Raw_FASTQ/BBN_21792_MTG_GEN_S1_L001_R1_001.fastq.gz,/rds/general/project/ukdrmultiomicsproject/live/synapse_mirror/Genetically_stratified_cohorts/TREM2/Transcriptomics/snRNAseq_cortical_tissue/GliaEnriched/Raw_FASTQ/BBN_21792_MTG_GEN_S1_L001_R2_001.fastq.gz,syn53165787
/rds/general/project/ukdrmultiomicsproject/live/synapse_mirror/Genetically_stratified_cohorts/TREM2/Transcriptomics/snRNAseq_cortical_tissue/GliaEnriched/Raw_FASTQ/BBN_21005_MTG_GEN_S1_L001_R1_001.fastq.gz,/rds/general/project/ukdrmultiomicsproject/live/synapse_mirror/Genetically_stratified_cohorts/TREM2/Transcriptomics/snRNAseq_cortical_tissue/GliaEnriched/Raw_FASTQ/BBN_21005_MTG_GEN_S1_L001_R2_001.fastq.gz,syn53165787
/rds/general/project/ukdrmultiomicsproject/live/synapse_mirror/Genetically_stratified_cohorts/TREM2/Transcriptomics/snRNAseq_cortical_tissue/GliaEnriched/Raw_FASTQ/BBN002_29170_MTG_GEN_S1_L001_R1_001.fastq.gz,/rds/general/project/ukdrmultiomicsproject/live/synapse_mirror/Genetically_stratified_cohorts/TREM2/Transcriptomics/snRNAseq_cortical_tissue/GliaEnriched/Raw_FASTQ/BBN002_29170_MTG_GEN_S1_L001_R2_001.fastq.gz,syn53165787
/rds/general/project/ukdrmultiomicsproject/live/synapse_mirror/Genetically_stratified_cohorts/TREM2/Transcriptomics/snRNAseq_cortical_tissue/GliaEnriched/Raw_FASTQ/BBN_10099_MTG_GEN_S1_L001_R1_001.fastq.gz,/rds/general/project/ukdrmultiomicsproject/live/synapse_mirror/Genetically_stratified_cohorts/TREM2/Transcriptomics/snRNAseq_cortical_tissue/GliaEnriched/Raw_FASTQ/BBN_10099_MTG_GEN_S1_L001_R2_001.fastq.gz,syn53165787
/rds/general/project/ukdrmultiomicsproject/live/synapse_mirror/Genetically_stratified_cohorts/TREM2/Transcriptomics/snRNAseq_cortical_tissue/GliaEnriched/Raw_FASTQ/BBN002_30035_MTG_GEN_S1_L001_R1_001.fastq.gz,/rds/general/project/ukdrmultiomicsproject/live/synapse_mirror/Genetically_stratified_cohorts/TREM2/Transcriptomics/snRNAseq_cortical_tissue/GliaEnriched/Raw_FASTQ/BBN002_30035_MTG_GEN_S1_L001_R2_001.fastq.gz,syn53165787
/rds/general/project/ukdrmultiomicsproject/live/synapse_mirror/Genetically_stratified_cohorts/TREM2/Transcriptomics/snRNAseq_cortical_tissue/GliaEnriched/Raw_FASTQ/BBN_16213_MTG_GEN_S1_L001_R1_001.fastq.gz,/rds/general/project/ukdrmultiomicsproject/live/synapse_mirror/Genetically_stratified_cohorts/TREM2/Transcriptomics/snRNAseq_cortical_tissue/GliaEnriched/Raw_FASTQ/BBN_16213_MTG_GEN_S1_L001_R2_001.fastq.gz,syn53165787
/rds/general/project/ukdrmultiomicsproject/live/synapse_mirror/Genetically_stratified_cohorts/TREM2/Transcriptomics/snRNAseq_cortical_tissue/GliaEnriched/Raw_FASTQ/BBN002_29089_MTG_GEN_S1_L001_R1_001.fastq.gz,/rds/general/project/ukdrmultiomicsproject/live/synapse_mirror/Genetically_stratified_cohorts/TREM2/Transcriptomics/snRNAseq_cortical_tissue/GliaEnriched/Raw_FASTQ/BBN002_29089_MTG_GEN_S1_L001_R2_001.fastq.gz,syn53165787
/rds/general/project/ukdrmultiomicsproject/live/synapse_mirror/Genetically_stratified_cohorts/TREM2/Transcriptomics/snRNAseq_cortical_tissue/GliaEnriched/Raw_FASTQ/BBN_9984_MTG_GEN_S1_L001_R1_001.fastq.gz,/rds/general/project/ukdrmultiomicsproject/live/synapse_mirror/Genetically_stratified_cohorts/TREM2/Transcriptomics/snRNAseq_cortical_tissue/GliaEnriched/Raw_FASTQ/BBN_9984_MTG_GEN_S1_L001_R2_001.fastq.gz,syn53165787
/rds/general/project/ukdrmultiomicsproject/live/synapse_mirror/Genetically_stratified_cohorts/TREM2/Transcriptomics/snRNAseq_cortical_tissue/GliaEnriched/Raw_FASTQ/BBN_24578_MTG_GEN_S1_L001_R1_001.fastq.gz,/rds/general/project/ukdrmultiomicsproject/live/synapse_mirror/Genetically_stratified_cohorts/TREM2/Transcriptomics/snRNAseq_cortical_tissue/GliaEnriched/Raw_FASTQ/BBN_24578_MTG_GEN_S1_L001_R2_001.fastq.gz,syn53165787
/rds/general/project/ukdrmultiomicsproject/live/synapse_mirror/Genetically_stratified_cohorts/TREM2/Transcriptomics/snRNAseq_cortical_tissue/GliaEnriched/Raw_FASTQ/BBN002_30035_SSC_GEN_S1_L001_R1_001.fastq.gz,/rds/general/project/ukdrmultiomicsproject/live/synapse_mirror/Genetically_stratified_cohorts/TREM2/Transcriptomics/snRNAseq_cortical_tissue/GliaEnriched/Raw_FASTQ/BBN002_30035_SSC_GEN_S1_L001_R2_001.fastq.gz,syn53165787
/rds/general/project/ukdrmultiomicsproject/live/synapse_mirror/Genetically_stratified_cohorts/TREM2/Transcriptomics/snRNAseq_cortical_tissue/GliaEnriched/Raw_FASTQ/BBN_18813_MTG_GEN_S1_L001_R1_001.fastq.gz,/rds/general/project/ukdrmultiomicsproject/live/synapse_mirror/Genetically_stratified_cohorts/TREM2/Transcriptomics/snRNAseq_cortical_tissue/GliaEnriched/Raw_FASTQ/BBN_18813_MTG_GEN_S1_L001_R2_001.fastq.gz,syn53165787
/rds/general/project/ukdrmultiomicsproject/live/synapse_mirror/Genetically_stratified_cohorts/TREM2/Transcriptomics/snRNAseq_cortical_tissue/GliaEnriched/Raw_FASTQ/BBN_21005_SSC_GEN_S1_L001_R1_001.fastq.gz,/rds/general/project/ukdrmultiomicsproject/live/synapse_mirror/Genetically_stratified_cohorts/TREM2/Transcriptomics/snRNAseq_cortical_tissue/GliaEnriched/Raw_FASTQ/BBN_21005_SSC_GEN_S1_L001_R2_001.fastq.gz,syn53165787
/rds/general/project/ukdrmultiomicsproject/live/synapse_mirror/Genetically_stratified_cohorts/TREM2/Transcriptomics/snRNAseq_cortical_tissue/GliaEnriched/Raw_FASTQ/BBN002_30127_MTG_GEN_S1_L001_R1_001.fastq.gz,/rds/general/project/ukdrmultiomicsproject/live/synapse_mirror/Genetically_stratified_cohorts/TREM2/Transcriptomics/snRNAseq_cortical_tissue/GliaEnriched/Raw_FASTQ/BBN002_30127_MTG_GEN_S1_L001_R2_001.fastq.gz,syn53165787
